Path,URL,Size in bytes (optional but recommended),MD5 Hash (optional but recommended),Filter Terms (optional),Overwrite (optional),Comments (optional)
docs/SNES/Manuals/!!System Manual (Super Nintendo).pdf,https://archive.org/download/mister-manuals/1991_Super%20Nintendo%20Entertainment%20System.zip/1991_Super%20Nintendo%20Entertainment%20System%2F%21%21System%20Manual%20%28Super%20Nintendo%29.pdf,1624284,0601a7a33c18daf50e9064befa079e5c,,,!!System Manual (Super Nintendo).pdf
docs/SNES/Manuals/!Super Game Boy (Super Nintendo).pdf,https://archive.org/download/mister-manuals/1991_Super%20Nintendo%20Entertainment%20System.zip/1991_Super%20Nintendo%20Entertainment%20System%2F%21Super%20Game%20Boy%20%28Super%20Nintendo%29.pdf,1398324,da4c08ff5644f24890f818f6276ee15d,,,!Super Game Boy (Super Nintendo).pdf
docs/SNES/Manuals/![Chart] E.V.O. Search for Eden.pdf,https://archive.org/download/mister-manuals/1991_Super%20Nintendo%20Entertainment%20System.zip/1991_Super%20Nintendo%20Entertainment%20System%2F%21%5BChart%5D%20E.V.O.%20Search%20for%20Eden.pdf,682187,9cf804c04b56032dce6a63c0c20449cd,,,![Chart] E.V.O. Search for Eden.pdf
docs/SNES/Manuals/![Chart] Paladin's Quest.pdf,https://archive.org/download/mister-manuals/1991_Super%20Nintendo%20Entertainment%20System.zip/1991_Super%20Nintendo%20Entertainment%20System%2F%21%5BChart%5D%20Paladin%27s%20Quest.pdf,1822220,b73a7aa4729f3c039015736ded6355ff,,,![Chart] Paladin's Quest.pdf
"docs/SNES/Manuals/![Hintbook] Legend of Zelda, The - A Link to the Past.pdf",https://archive.org/download/mister-manuals/1991_Super%20Nintendo%20Entertainment%20System.zip/1991_Super%20Nintendo%20Entertainment%20System%2F%21%5BHintbook%5D%20Legend%20of%20Zelda%2C%20The%20-%20A%20Link%20to%20the%20Past.pdf,398260,f50f218d1144fe588a2188b91931f501,,,"![Hintbook] Legend of Zelda, The - A Link to the Past.pdf"
docs/SNES/Manuals/![Map] ActRaiser .pdf,https://archive.org/download/mister-manuals/1991_Super%20Nintendo%20Entertainment%20System.zip/1991_Super%20Nintendo%20Entertainment%20System%2F%21%5BMap%5D%20ActRaiser%20.pdf,487753,bef3d3538754ca97651b1d99fcdb93a4,,,![Map] ActRaiser .pdf
docs/SNES/Manuals/![Map] Breath of Fire .pdf,https://archive.org/download/mister-manuals/1991_Super%20Nintendo%20Entertainment%20System.zip/1991_Super%20Nintendo%20Entertainment%20System%2F%21%5BMap%5D%20Breath%20of%20Fire%20.pdf,1736237,fd9bd0193040ee5a165840669dbcfa36,,,![Map] Breath of Fire .pdf
docs/SNES/Manuals/![Map] Breath of Fire II.pdf,https://archive.org/download/mister-manuals/1991_Super%20Nintendo%20Entertainment%20System.zip/1991_Super%20Nintendo%20Entertainment%20System%2F%21%5BMap%5D%20Breath%20of%20Fire%20II.pdf,408321,ed4db5d184e430768d5a390d2f39af1b,,,![Map] Breath of Fire II.pdf
docs/SNES/Manuals/![Map] Chrono Trigger.pdf,https://archive.org/download/mister-manuals/1991_Super%20Nintendo%20Entertainment%20System.zip/1991_Super%20Nintendo%20Entertainment%20System%2F%21%5BMap%5D%20Chrono%20Trigger.pdf,704106,8883a75ea9ceae8db8161a0764154420,,,![Map] Chrono Trigger.pdf
docs/SNES/Manuals/![Map] Final Fantasy - Mystic Quest.pdf,https://archive.org/download/mister-manuals/1991_Super%20Nintendo%20Entertainment%20System.zip/1991_Super%20Nintendo%20Entertainment%20System%2F%21%5BMap%5D%20Final%20Fantasy%20-%20Mystic%20Quest.pdf,1596478,5c15f4f1a863f071b340d80ca1728c9a,,,![Map] Final Fantasy - Mystic Quest.pdf
docs/SNES/Manuals/![Map] Final Fantasy II (Final Fantasy IV).pdf,https://archive.org/download/mister-manuals/1991_Super%20Nintendo%20Entertainment%20System.zip/1991_Super%20Nintendo%20Entertainment%20System%2F%21%5BMap%5D%20Final%20Fantasy%20II%20%28Final%20Fantasy%20IV%29.pdf,830342,c090c9b3a36e89f17eaa80276647458b,,,![Map] Final Fantasy II (Final Fantasy IV).pdf
docs/SNES/Manuals/![Map] Final Fantasy III (Final Fantasy VI).pdf,https://archive.org/download/mister-manuals/1991_Super%20Nintendo%20Entertainment%20System.zip/1991_Super%20Nintendo%20Entertainment%20System%2F%21%5BMap%5D%20Final%20Fantasy%20III%20%28Final%20Fantasy%20VI%29.pdf,819084,13e8d09336f83f4a9e4b888b120121a0,,,![Map] Final Fantasy III (Final Fantasy VI).pdf
docs/SNES/Manuals/![Map] Illusion of Gaia.pdf,https://archive.org/download/mister-manuals/1991_Super%20Nintendo%20Entertainment%20System.zip/1991_Super%20Nintendo%20Entertainment%20System%2F%21%5BMap%5D%20Illusion%20of%20Gaia.pdf,1229443,6c0499e95b17cb3d76ffe313feb739f2,,,![Map] Illusion of Gaia.pdf
"docs/SNES/Manuals/![Map] Legend of Zelda, The - A Link to the Past.pdf",https://archive.org/download/mister-manuals/1991_Super%20Nintendo%20Entertainment%20System.zip/1991_Super%20Nintendo%20Entertainment%20System%2F%21%5BMap%5D%20Legend%20of%20Zelda%2C%20The%20-%20A%20Link%20to%20the%20Past.pdf,1435051,0d2b3ff05b693502e50a3d01e9f3598b,,,"![Map] Legend of Zelda, The - A Link to the Past.pdf"
docs/SNES/Manuals/![Map] Lufia & the Fortress of Doom.pdf,https://archive.org/download/mister-manuals/1991_Super%20Nintendo%20Entertainment%20System.zip/1991_Super%20Nintendo%20Entertainment%20System%2F%21%5BMap%5D%20Lufia%20%26%20the%20Fortress%20of%20Doom.pdf,1228929,545c0eb50932e25319d0c119c41f9bff,,,![Map] Lufia & the Fortress of Doom.pdf
docs/SNES/Manuals/![Map] Secret of Evermore.pdf,https://archive.org/download/mister-manuals/1991_Super%20Nintendo%20Entertainment%20System.zip/1991_Super%20Nintendo%20Entertainment%20System%2F%21%5BMap%5D%20Secret%20of%20Evermore.pdf,607023,e3c0320ffb927770fe52a9a74fe5c8dc,,,![Map] Secret of Evermore.pdf
docs/SNES/Manuals/![Map] Secret of Mana.pdf,https://archive.org/download/mister-manuals/1991_Super%20Nintendo%20Entertainment%20System.zip/1991_Super%20Nintendo%20Entertainment%20System%2F%21%5BMap%5D%20Secret%20of%20Mana.pdf,649583,897842a11d35f98403b9e9f3f5e5cc4b,,,![Map] Secret of Mana.pdf
docs/SNES/Manuals/![Map] Uncharted Waters .pdf,https://archive.org/download/mister-manuals/1991_Super%20Nintendo%20Entertainment%20System.zip/1991_Super%20Nintendo%20Entertainment%20System%2F%21%5BMap%5D%20Uncharted%20Waters%20.pdf,595808,5bdb83045140723fbfdc84a1333b73ae,,,![Map] Uncharted Waters .pdf
docs/SNES/Manuals/![Playbook] Super Play Action Football.pdf,https://archive.org/download/mister-manuals/1991_Super%20Nintendo%20Entertainment%20System.zip/1991_Super%20Nintendo%20Entertainment%20System%2F%21%5BPlaybook%5D%20Super%20Play%20Action%20Football.pdf,1995110,4b3dbe3a1776c2a75d772f0803e2f0ba,,,![Playbook] Super Play Action Football.pdf
docs/SNES/Manuals/![Poster] Home Improvement - Power Tool Pursuit!.pdf,https://archive.org/download/mister-manuals/1991_Super%20Nintendo%20Entertainment%20System.zip/1991_Super%20Nintendo%20Entertainment%20System%2F%21%5BPoster%5D%20Home%20Improvement%20-%20Power%20Tool%20Pursuit%21.pdf,893726,acfa44dacac8bc487e36f3d3b8982147,,,![Poster] Home Improvement - Power Tool Pursuit!.pdf
docs/SNES/Manuals/![Rosters] MLBPA Baseball.pdf,https://archive.org/download/mister-manuals/1991_Super%20Nintendo%20Entertainment%20System.zip/1991_Super%20Nintendo%20Entertainment%20System%2F%21%5BRosters%5D%20MLBPA%20Baseball.pdf,1465348,6b9a2413b253c8e87ad90835eb1ab3a8,,,![Rosters] MLBPA Baseball.pdf
docs/SNES/Manuals/![Rosters] Madden NFL '94.pdf,https://archive.org/download/mister-manuals/1991_Super%20Nintendo%20Entertainment%20System.zip/1991_Super%20Nintendo%20Entertainment%20System%2F%21%5BRosters%5D%20Madden%20NFL%20%2794.pdf,2929499,0093d589e61bfd6aa41c61c6e015e0fe,,,![Rosters] Madden NFL '94.pdf
docs/SNES/Manuals/![Rosters] Madden NFL 95.pdf,https://archive.org/download/mister-manuals/1991_Super%20Nintendo%20Entertainment%20System.zip/1991_Super%20Nintendo%20Entertainment%20System%2F%21%5BRosters%5D%20Madden%20NFL%2095.pdf,2428239,16e8d778582e919a540df958c1dd288a,,,![Rosters] Madden NFL 95.pdf
docs/SNES/Manuals/![Rosters] Madden NFL 96.pdf,https://archive.org/download/mister-manuals/1991_Super%20Nintendo%20Entertainment%20System.zip/1991_Super%20Nintendo%20Entertainment%20System%2F%21%5BRosters%5D%20Madden%20NFL%2096.pdf,2882293,c37ad9c8370bc12d6727cabd846b6064,,,![Rosters] Madden NFL 96.pdf
docs/SNES/Manuals/2020 Super Baseball.pdf,https://archive.org/download/mister-manuals/1991_Super%20Nintendo%20Entertainment%20System.zip/1991_Super%20Nintendo%20Entertainment%20System%2F2020%20Super%20Baseball.pdf,2560160,f68e4ff44f38ecd7bc30b48c4d66b252,,,2020 Super Baseball.pdf
docs/SNES/Manuals/3 Ninjas Kick Back.pdf,https://archive.org/download/mister-manuals/1991_Super%20Nintendo%20Entertainment%20System.zip/1991_Super%20Nintendo%20Entertainment%20System%2F3%20Ninjas%20Kick%20Back.pdf,1114182,02e3e9f1311a0e74e6d22ce838ebb5c5,,,3 Ninjas Kick Back.pdf
"docs/SNES/Manuals/7th Saga, The.pdf",https://archive.org/download/mister-manuals/1991_Super%20Nintendo%20Entertainment%20System.zip/1991_Super%20Nintendo%20Entertainment%20System%2F7th%20Saga%2C%20The.pdf,2216651,6b032f7f6e65d30da52ef9118eddbe7a,,,"7th Saga, The.pdf"
docs/SNES/Manuals/90 Minutes - European Prime Goal.pdf,https://archive.org/download/mister-manuals/1991_Super%20Nintendo%20Entertainment%20System.zip/1991_Super%20Nintendo%20Entertainment%20System%2F90%20Minutes%20-%20European%20Prime%20Goal.pdf,1793561,1966fb06183511efc3648bcbf61a5e35,,,90 Minutes - European Prime Goal.pdf
docs/SNES/Manuals/A.S.P. - Air Strike Patrol.pdf,https://archive.org/download/mister-manuals/1991_Super%20Nintendo%20Entertainment%20System.zip/1991_Super%20Nintendo%20Entertainment%20System%2FA.S.P.%20-%20Air%20Strike%20Patrol.pdf,2114253,2087d180bd3738c21a9cec22e0b5b830,,,A.S.P. - Air Strike Patrol.pdf
docs/SNES/Manuals/AAAHH!!! Real Monsters.pdf,https://archive.org/download/mister-manuals/1991_Super%20Nintendo%20Entertainment%20System.zip/1991_Super%20Nintendo%20Entertainment%20System%2FAAAHH%21%21%21%20Real%20Monsters.pdf,2042898,f8dc304ccca2aa0895d6d706a2a170c0,,,AAAHH!!! Real Monsters.pdf
docs/SNES/Manuals/ABC Monday Night Football.pdf,https://archive.org/download/mister-manuals/1991_Super%20Nintendo%20Entertainment%20System.zip/1991_Super%20Nintendo%20Entertainment%20System%2FABC%20Monday%20Night%20Football.pdf,1575076,e5346459aa4c82e2616409d155d11361,,,ABC Monday Night Football.pdf
docs/SNES/Manuals/ACME Animation Factory.pdf,https://archive.org/download/mister-manuals/1991_Super%20Nintendo%20Entertainment%20System.zip/1991_Super%20Nintendo%20Entertainment%20System%2FACME%20Animation%20Factory.pdf,2719739,e00e023102a66da2f6a2c6c4766e0ddd,,,ACME Animation Factory.pdf
docs/SNES/Manuals/ActRaiser .pdf,https://archive.org/download/mister-manuals/1991_Super%20Nintendo%20Entertainment%20System.zip/1991_Super%20Nintendo%20Entertainment%20System%2FActRaiser%20.pdf,4998113,f210e679d70c5d51818aa4c8e7977c79,,,ActRaiser .pdf
docs/SNES/Manuals/ActRaiser 2.pdf,https://archive.org/download/mister-manuals/1991_Super%20Nintendo%20Entertainment%20System.zip/1991_Super%20Nintendo%20Entertainment%20System%2FActRaiser%202.pdf,1194756,468bab2c5d5ca1154777a3531ec128e8,,,ActRaiser 2.pdf
docs/SNES/Manuals/Addams Family Values.pdf,https://archive.org/download/mister-manuals/1991_Super%20Nintendo%20Entertainment%20System.zip/1991_Super%20Nintendo%20Entertainment%20System%2FAddams%20Family%20Values.pdf,2055446,b0b434653b07620be2d7340a56f061e5,,,Addams Family Values.pdf
"docs/SNES/Manuals/Addams Family, The - Pugsley's Scavenger Hunt.pdf",https://archive.org/download/mister-manuals/1991_Super%20Nintendo%20Entertainment%20System.zip/1991_Super%20Nintendo%20Entertainment%20System%2FAddams%20Family%2C%20The%20-%20Pugsley%27s%20Scavenger%20Hunt.pdf,633620,b1474c30deda1d87dd19d2aef86c01fd,,,"Addams Family, The - Pugsley's Scavenger Hunt.pdf"
"docs/SNES/Manuals/Addams Family, The .pdf",https://archive.org/download/mister-manuals/1991_Super%20Nintendo%20Entertainment%20System.zip/1991_Super%20Nintendo%20Entertainment%20System%2FAddams%20Family%2C%20The%20.pdf,1257600,b24df267cfb45ad669e1e03b015514b8,,,"Addams Family, The .pdf"
docs/SNES/Manuals/Advanced Dungeons & Dragons - Eye of the Beholder.pdf,https://archive.org/download/mister-manuals/1991_Super%20Nintendo%20Entertainment%20System.zip/1991_Super%20Nintendo%20Entertainment%20System%2FAdvanced%20Dungeons%20%26%20Dragons%20-%20Eye%20of%20the%20Beholder.pdf,3940613,2c9477a9130b88c76ccb112375748bda,,,Advanced Dungeons & Dragons - Eye of the Beholder.pdf
"docs/SNES/Manuals/Adventures of Batman & Robin, The.pdf",https://archive.org/download/mister-manuals/1991_Super%20Nintendo%20Entertainment%20System.zip/1991_Super%20Nintendo%20Entertainment%20System%2FAdventures%20of%20Batman%20%26%20Robin%2C%20The.pdf,1661817,c192e9cb87b2c416872b7755b2df20ff,,,"Adventures of Batman & Robin, The.pdf"
"docs/SNES/Manuals/Adventures of Dr. Franken, The.pdf",https://archive.org/download/mister-manuals/1991_Super%20Nintendo%20Entertainment%20System.zip/1991_Super%20Nintendo%20Entertainment%20System%2FAdventures%20of%20Dr.%20Franken%2C%20The.pdf,1657629,b31fe6ecdc33b66f82d2cfcb00388883,,,"Adventures of Dr. Franken, The.pdf"
"docs/SNES/Manuals/Adventures of Kid Kleets, The.pdf",https://archive.org/download/mister-manuals/1991_Super%20Nintendo%20Entertainment%20System.zip/1991_Super%20Nintendo%20Entertainment%20System%2FAdventures%20of%20Kid%20Kleets%2C%20The.pdf,1607752,a7327018c70cf8591879e3e6708daeab,,,"Adventures of Kid Kleets, The.pdf"
"docs/SNES/Manuals/Adventures of Mighty Max, The.pdf",https://archive.org/download/mister-manuals/1991_Super%20Nintendo%20Entertainment%20System.zip/1991_Super%20Nintendo%20Entertainment%20System%2FAdventures%20of%20Mighty%20Max%2C%20The.pdf,2762682,5cbb8ef410b41b29c300f44cd318d3d8,,,"Adventures of Mighty Max, The.pdf"
"docs/SNES/Manuals/Adventures of Rocky and Bullwinkle and Friends, The.pdf",https://archive.org/download/mister-manuals/1991_Super%20Nintendo%20Entertainment%20System.zip/1991_Super%20Nintendo%20Entertainment%20System%2FAdventures%20of%20Rocky%20and%20Bullwinkle%20and%20Friends%2C%20The.pdf,798486,f535cbe5978cc98c40c3007d1b5ea586,,,"Adventures of Rocky and Bullwinkle and Friends, The.pdf"
docs/SNES/Manuals/Adventures of Yogi Bear.pdf,https://archive.org/download/mister-manuals/1991_Super%20Nintendo%20Entertainment%20System.zip/1991_Super%20Nintendo%20Entertainment%20System%2FAdventures%20of%20Yogi%20Bear.pdf,696438,8b9dca2574bd0908b0335e1bd63a9a82,,,Adventures of Yogi Bear.pdf
docs/SNES/Manuals/Aero Fighters.pdf,https://archive.org/download/mister-manuals/1991_Super%20Nintendo%20Entertainment%20System.zip/1991_Super%20Nintendo%20Entertainment%20System%2FAero%20Fighters.pdf,868700,c01335ddc8694fc9b40b4076f57d8b27,,,Aero Fighters.pdf
docs/SNES/Manuals/Aero the Acro-Bat .pdf,https://archive.org/download/mister-manuals/1991_Super%20Nintendo%20Entertainment%20System.zip/1991_Super%20Nintendo%20Entertainment%20System%2FAero%20the%20Acro-Bat%20.pdf,1262498,668eeb033978446a0cfb7563c8f56f1a,,,Aero the Acro-Bat .pdf
docs/SNES/Manuals/Aero the Acro-Bat 2.pdf,https://archive.org/download/mister-manuals/1991_Super%20Nintendo%20Entertainment%20System.zip/1991_Super%20Nintendo%20Entertainment%20System%2FAero%20the%20Acro-Bat%202.pdf,1008169,e2b98cdf94970b3060691ca089534f3c,,,Aero the Acro-Bat 2.pdf
docs/SNES/Manuals/Aerobiz .pdf,https://archive.org/download/mister-manuals/1991_Super%20Nintendo%20Entertainment%20System.zip/1991_Super%20Nintendo%20Entertainment%20System%2FAerobiz%20.pdf,3950040,2ae2111c805125f3fbb9e1baaef5a39d,,,Aerobiz .pdf
docs/SNES/Manuals/Aerobiz Supersonic.pdf,https://archive.org/download/mister-manuals/1991_Super%20Nintendo%20Entertainment%20System.zip/1991_Super%20Nintendo%20Entertainment%20System%2FAerobiz%20Supersonic.pdf,4189558,2b814e512372056e34a6fe0d1f64d0b3,,,Aerobiz Supersonic.pdf
docs/SNES/Manuals/Air Cavalry.pdf,https://archive.org/download/mister-manuals/1991_Super%20Nintendo%20Entertainment%20System.zip/1991_Super%20Nintendo%20Entertainment%20System%2FAir%20Cavalry.pdf,1524836,91025481ae2954b05bef4a75577c5fb3,,,Air Cavalry.pdf
docs/SNES/Manuals/Al Unser Jr.'s Road to the Top.pdf,https://archive.org/download/mister-manuals/1991_Super%20Nintendo%20Entertainment%20System.zip/1991_Super%20Nintendo%20Entertainment%20System%2FAl%20Unser%20Jr.%27s%20Road%20to%20the%20Top.pdf,1316067,aacd3c04f0b2c568e54dfa4632d5f4be,,,Al Unser Jr.'s Road to the Top.pdf
docs/SNES/Manuals/Aladdin.pdf,https://archive.org/download/mister-manuals/1991_Super%20Nintendo%20Entertainment%20System.zip/1991_Super%20Nintendo%20Entertainment%20System%2FAladdin.pdf,1151435,973d5c1ed068723c8af115a1faaa29e6,,,Aladdin.pdf
docs/SNES/Manuals/Alien 3.pdf,https://archive.org/download/mister-manuals/1991_Super%20Nintendo%20Entertainment%20System.zip/1991_Super%20Nintendo%20Entertainment%20System%2FAlien%203.pdf,2004732,2ca5b042427e2da73a897f137bdf48d9,,,Alien 3.pdf
docs/SNES/Manuals/Alien vs. Predator.pdf,https://archive.org/download/mister-manuals/1991_Super%20Nintendo%20Entertainment%20System.zip/1991_Super%20Nintendo%20Entertainment%20System%2FAlien%20vs.%20Predator.pdf,1639478,fba8ac9799cd8d1c938e91a6cf809733,,,Alien vs. Predator.pdf
docs/SNES/Manuals/Amazing Tennis.pdf,https://archive.org/download/mister-manuals/1991_Super%20Nintendo%20Entertainment%20System.zip/1991_Super%20Nintendo%20Entertainment%20System%2FAmazing%20Tennis.pdf,1771549,0f1c5474f622bdddb95995549b6bef54,,,Amazing Tennis.pdf
docs/SNES/Manuals/American Gladiators.pdf,https://archive.org/download/mister-manuals/1991_Super%20Nintendo%20Entertainment%20System.zip/1991_Super%20Nintendo%20Entertainment%20System%2FAmerican%20Gladiators.pdf,2679698,b30ec72c30ea8d1c34782c858cf9598f,,,American Gladiators.pdf
"docs/SNES/Manuals/American Tail, An - Fievel Goes West.pdf",https://archive.org/download/mister-manuals/1991_Super%20Nintendo%20Entertainment%20System.zip/1991_Super%20Nintendo%20Entertainment%20System%2FAmerican%20Tail%2C%20An%20-%20Fievel%20Goes%20West.pdf,1713881,00f46725b878aafd9187b7857b66c5ef,,,"American Tail, An - Fievel Goes West.pdf"
docs/SNES/Manuals/Andre Agassi Tennis.pdf,https://archive.org/download/mister-manuals/1991_Super%20Nintendo%20Entertainment%20System.zip/1991_Super%20Nintendo%20Entertainment%20System%2FAndre%20Agassi%20Tennis.pdf,1023842,c4b46e75c1bee87e79b2a9868decce82,,,Andre Agassi Tennis.pdf
docs/SNES/Manuals/Animaniacs.pdf,https://archive.org/download/mister-manuals/1991_Super%20Nintendo%20Entertainment%20System.zip/1991_Super%20Nintendo%20Entertainment%20System%2FAnimaniacs.pdf,1322455,cf6e4da967c108ac5bbf97449d4bba19,,,Animaniacs.pdf
docs/SNES/Manuals/Arcade's Greatest Hits - The Atari Collection 1.pdf,https://archive.org/download/mister-manuals/1991_Super%20Nintendo%20Entertainment%20System.zip/1991_Super%20Nintendo%20Entertainment%20System%2FArcade%27s%20Greatest%20Hits%20-%20The%20Atari%20Collection%201.pdf,1458661,67ae2361bdb5822c264d44ea2497a359,,,Arcade's Greatest Hits - The Atari Collection 1.pdf
docs/SNES/Manuals/Arcana.pdf,https://archive.org/download/mister-manuals/1991_Super%20Nintendo%20Entertainment%20System.zip/1991_Super%20Nintendo%20Entertainment%20System%2FArcana.pdf,2152000,794f5c16bf57f4517574878938f3964d,,,Arcana.pdf
docs/SNES/Manuals/Ardy Lightfoot.pdf,https://archive.org/download/mister-manuals/1991_Super%20Nintendo%20Entertainment%20System.zip/1991_Super%20Nintendo%20Entertainment%20System%2FArdy%20Lightfoot.pdf,850520,76fec170d55404fdc5f9bab055724a07,,,Ardy Lightfoot.pdf
docs/SNES/Manuals/Arkanoid - Doh it Again.pdf,https://archive.org/download/mister-manuals/1991_Super%20Nintendo%20Entertainment%20System.zip/1991_Super%20Nintendo%20Entertainment%20System%2FArkanoid%20-%20Doh%20it%20Again.pdf,1234950,c5604a332fc045b3e10cb5ae115a8cc4,,,Arkanoid - Doh it Again.pdf
docs/SNES/Manuals/Art of Fighting.pdf,https://archive.org/download/mister-manuals/1991_Super%20Nintendo%20Entertainment%20System.zip/1991_Super%20Nintendo%20Entertainment%20System%2FArt%20of%20Fighting.pdf,2929252,e6b4a0368f070ca65fa55a8de7b5cd73,,,Art of Fighting.pdf
docs/SNES/Manuals/Asterix & Obelix.pdf,https://archive.org/download/mister-manuals/1991_Super%20Nintendo%20Entertainment%20System.zip/1991_Super%20Nintendo%20Entertainment%20System%2FAsterix%20%26%20Obelix.pdf,1188438,9d585956be3d1f861682b2f16d9b83e8,,,Asterix & Obelix.pdf
docs/SNES/Manuals/Asterix .pdf,https://archive.org/download/mister-manuals/1991_Super%20Nintendo%20Entertainment%20System.zip/1991_Super%20Nintendo%20Entertainment%20System%2FAsterix%20.pdf,2110496,309b9a678e7c63bfc8bb27c8014f7067,,,Asterix .pdf
docs/SNES/Manuals/Axelay.pdf,https://archive.org/download/mister-manuals/1991_Super%20Nintendo%20Entertainment%20System.zip/1991_Super%20Nintendo%20Entertainment%20System%2FAxelay.pdf,804628,54cbf44a8f5887e8dc0fade4314344c9,,,Axelay.pdf
docs/SNES/Manuals/B.O.B..pdf,https://archive.org/download/mister-manuals/1991_Super%20Nintendo%20Entertainment%20System.zip/1991_Super%20Nintendo%20Entertainment%20System%2FB.O.B..pdf,1104088,1fb6b636ba5a3642902c8b81100506f9,,,B.O.B..pdf
docs/SNES/Manuals/Ballz 3D - Fighting at its Ballziest.pdf,https://archive.org/download/mister-manuals/1991_Super%20Nintendo%20Entertainment%20System.zip/1991_Super%20Nintendo%20Entertainment%20System%2FBallz%203D%20-%20Fighting%20at%20its%20Ballziest.pdf,1687337,8e208eda2d935c8d11842b265696cbac,,,Ballz 3D - Fighting at its Ballziest.pdf
docs/SNES/Manuals/Barbie - Super Model.pdf,https://archive.org/download/mister-manuals/1991_Super%20Nintendo%20Entertainment%20System.zip/1991_Super%20Nintendo%20Entertainment%20System%2FBarbie%20-%20Super%20Model.pdf,925693,dde61026f1407f66d6b0b57478138362,,,Barbie - Super Model.pdf
docs/SNES/Manuals/Barkley - Shut Up and Jam!.pdf,https://archive.org/download/mister-manuals/1991_Super%20Nintendo%20Entertainment%20System.zip/1991_Super%20Nintendo%20Entertainment%20System%2FBarkley%20-%20Shut%20Up%20and%20Jam%21.pdf,2175890,e34ea235cfebdc04b55ebf2897079454,,,Barkley - Shut Up and Jam!.pdf
docs/SNES/Manuals/Bass Masters Classic - Pro Edition.pdf,https://archive.org/download/mister-manuals/1991_Super%20Nintendo%20Entertainment%20System.zip/1991_Super%20Nintendo%20Entertainment%20System%2FBass%20Masters%20Classic%20-%20Pro%20Edition.pdf,2723465,5a283e368de7539f1c67312a679e4430,,,Bass Masters Classic - Pro Edition.pdf
docs/SNES/Manuals/Bass Masters Classic .pdf,https://archive.org/download/mister-manuals/1991_Super%20Nintendo%20Entertainment%20System.zip/1991_Super%20Nintendo%20Entertainment%20System%2FBass%20Masters%20Classic%20.pdf,2957539,182a07c0d4788178eda01cdb55a5c458,,,Bass Masters Classic .pdf
docs/SNES/Manuals/Bassin's Black Bass.pdf,https://archive.org/download/mister-manuals/1991_Super%20Nintendo%20Entertainment%20System.zip/1991_Super%20Nintendo%20Entertainment%20System%2FBassin%27s%20Black%20Bass.pdf,1783852,7f5c111161f2b8028dacbe4d5d4c99c2,,,Bassin's Black Bass.pdf
docs/SNES/Manuals/Batman Forever.pdf,https://archive.org/download/mister-manuals/1991_Super%20Nintendo%20Entertainment%20System.zip/1991_Super%20Nintendo%20Entertainment%20System%2FBatman%20Forever.pdf,2524673,3b35e2077fe72a2b4925b92781a94301,,,Batman Forever.pdf
docs/SNES/Manuals/Batman Returns.pdf,https://archive.org/download/mister-manuals/1991_Super%20Nintendo%20Entertainment%20System.zip/1991_Super%20Nintendo%20Entertainment%20System%2FBatman%20Returns.pdf,1311200,5040b8fe7ea0531b134a81cc20804a37,,,Batman Returns.pdf
docs/SNES/Manuals/Battle Blaze.pdf,https://archive.org/download/mister-manuals/1991_Super%20Nintendo%20Entertainment%20System.zip/1991_Super%20Nintendo%20Entertainment%20System%2FBattle%20Blaze.pdf,968736,6d14a97e360a795f9bc64a2b095c8666,,,Battle Blaze.pdf
docs/SNES/Manuals/Battle Cars.pdf,https://archive.org/download/mister-manuals/1991_Super%20Nintendo%20Entertainment%20System.zip/1991_Super%20Nintendo%20Entertainment%20System%2FBattle%20Cars.pdf,1422924,21f8f6a5d6112c289974e8ace87be166,,,Battle Cars.pdf
docs/SNES/Manuals/Battle Clash.pdf,https://archive.org/download/mister-manuals/1991_Super%20Nintendo%20Entertainment%20System.zip/1991_Super%20Nintendo%20Entertainment%20System%2FBattle%20Clash.pdf,1865821,f565cc54ad7cbb196cc1ac9ae424ffd5,,,Battle Clash.pdf
docs/SNES/Manuals/Battle Grand Prix.pdf,https://archive.org/download/mister-manuals/1991_Super%20Nintendo%20Entertainment%20System.zip/1991_Super%20Nintendo%20Entertainment%20System%2FBattle%20Grand%20Prix.pdf,1130952,d784e0c3084300c16559b3c0d2869547,,,Battle Grand Prix.pdf
docs/SNES/Manuals/Battletoads & Double Dragon - The Ultimate Team.pdf,https://archive.org/download/mister-manuals/1991_Super%20Nintendo%20Entertainment%20System.zip/1991_Super%20Nintendo%20Entertainment%20System%2FBattletoads%20%26%20Double%20Dragon%20-%20The%20Ultimate%20Team.pdf,2065130,b5083e4302306e84e78cb8a14cee97a2,,,Battletoads & Double Dragon - The Ultimate Team.pdf
docs/SNES/Manuals/Battletoads in Battlemaniacs.pdf,https://archive.org/download/mister-manuals/1991_Super%20Nintendo%20Entertainment%20System.zip/1991_Super%20Nintendo%20Entertainment%20System%2FBattletoads%20in%20Battlemaniacs.pdf,1639376,4fb0cb489015a6c0eb9c46c2494b5a16,,,Battletoads in Battlemaniacs.pdf
docs/SNES/Manuals/Bazooka Blitzkrieg.pdf,https://archive.org/download/mister-manuals/1991_Super%20Nintendo%20Entertainment%20System.zip/1991_Super%20Nintendo%20Entertainment%20System%2FBazooka%20Blitzkrieg.pdf,1205042,26568b3a58bdb186958b31b1c28fdadb,,,Bazooka Blitzkrieg.pdf
docs/SNES/Manuals/Beauty and the Beast.pdf,https://archive.org/download/mister-manuals/1991_Super%20Nintendo%20Entertainment%20System.zip/1991_Super%20Nintendo%20Entertainment%20System%2FBeauty%20and%20the%20Beast.pdf,979220,998937f51d94da822a99f675712a6826,,,Beauty and the Beast.pdf
docs/SNES/Manuals/Beavis and Butt-Head.pdf,https://archive.org/download/mister-manuals/1991_Super%20Nintendo%20Entertainment%20System.zip/1991_Super%20Nintendo%20Entertainment%20System%2FBeavis%20and%20Butt-Head.pdf,1416460,cfbb43bf6079f42f3eef452705db9fae,,,Beavis and Butt-Head.pdf
docs/SNES/Manuals/Bebe's Kids.pdf,https://archive.org/download/mister-manuals/1991_Super%20Nintendo%20Entertainment%20System.zip/1991_Super%20Nintendo%20Entertainment%20System%2FBebe%27s%20Kids.pdf,667643,7b20461c6c15cf67b13983224c97897f,,,Bebe's Kids.pdf
docs/SNES/Manuals/Beethoven - The Ultimate Canine Caper!.pdf,https://archive.org/download/mister-manuals/1991_Super%20Nintendo%20Entertainment%20System.zip/1991_Super%20Nintendo%20Entertainment%20System%2FBeethoven%20-%20The%20Ultimate%20Canine%20Caper%21.pdf,684140,88d6b0aab3043e2eafa295839f994e4c,,,Beethoven - The Ultimate Canine Caper!.pdf
docs/SNES/Manuals/Best of the Best - Championship Karate.pdf,https://archive.org/download/mister-manuals/1991_Super%20Nintendo%20Entertainment%20System.zip/1991_Super%20Nintendo%20Entertainment%20System%2FBest%20of%20the%20Best%20-%20Championship%20Karate.pdf,1703835,2aa392c37488249d1470da3086015ae7,,,Best of the Best - Championship Karate.pdf
docs/SNES/Manuals/Big Sky Trooper.pdf,https://archive.org/download/mister-manuals/1991_Super%20Nintendo%20Entertainment%20System.zip/1991_Super%20Nintendo%20Entertainment%20System%2FBig%20Sky%20Trooper.pdf,1366089,1400e065548bff90d52cf11e03b4693f,,,Big Sky Trooper.pdf
docs/SNES/Manuals/Biker Mice from Mars.pdf,https://archive.org/download/mister-manuals/1991_Super%20Nintendo%20Entertainment%20System.zip/1991_Super%20Nintendo%20Entertainment%20System%2FBiker%20Mice%20from%20Mars.pdf,1723969,4879a827d50cec84482adfa6f960513c,,,Biker Mice from Mars.pdf
docs/SNES/Manuals/Bill Laimbeer's Combat Basketball.pdf,https://archive.org/download/mister-manuals/1991_Super%20Nintendo%20Entertainment%20System.zip/1991_Super%20Nintendo%20Entertainment%20System%2FBill%20Laimbeer%27s%20Combat%20Basketball.pdf,1262020,90d5f223653e7f5d7bb6eb41ca901557,,,Bill Laimbeer's Combat Basketball.pdf
docs/SNES/Manuals/Bill Walsh College Football.pdf,https://archive.org/download/mister-manuals/1991_Super%20Nintendo%20Entertainment%20System.zip/1991_Super%20Nintendo%20Entertainment%20System%2FBill%20Walsh%20College%20Football.pdf,2276000,18708d2c2a80f9c8276285e76c970c9d,,,Bill Walsh College Football.pdf
docs/SNES/Manuals/BioMetal.pdf,https://archive.org/download/mister-manuals/1991_Super%20Nintendo%20Entertainment%20System.zip/1991_Super%20Nintendo%20Entertainment%20System%2FBioMetal.pdf,1456798,1e71dfeed31c6637b6b09c27adfad1b5,,,BioMetal.pdf
docs/SNES/Manuals/BlaZeon - The Bio-Cyborg Challenge.pdf,https://archive.org/download/mister-manuals/1991_Super%20Nintendo%20Entertainment%20System.zip/1991_Super%20Nintendo%20Entertainment%20System%2FBlaZeon%20-%20The%20Bio-Cyborg%20Challenge.pdf,1243603,317d66d45c554a03ff9c5939fb1772dd,,,BlaZeon - The Bio-Cyborg Challenge.pdf
docs/SNES/Manuals/Blackthorne.pdf,https://archive.org/download/mister-manuals/1991_Super%20Nintendo%20Entertainment%20System.zip/1991_Super%20Nintendo%20Entertainment%20System%2FBlackthorne.pdf,2593985,babe9f2ac8c0cd6fb5051eb3a4816f5c,,,Blackthorne.pdf
"docs/SNES/Manuals/Blues Brothers, The.pdf",https://archive.org/download/mister-manuals/1991_Super%20Nintendo%20Entertainment%20System.zip/1991_Super%20Nintendo%20Entertainment%20System%2FBlues%20Brothers%2C%20The.pdf,1023143,72d55ff75fea7fa4e3ca00ac2b515b44,,,"Blues Brothers, The.pdf"
docs/SNES/Manuals/Bonkers.pdf,https://archive.org/download/mister-manuals/1991_Super%20Nintendo%20Entertainment%20System.zip/1991_Super%20Nintendo%20Entertainment%20System%2FBonkers.pdf,1263982,6647139278077c9b524579331c8c21cf,,,Bonkers.pdf
docs/SNES/Manuals/Boogerman - A Pick and Flick Adventure.pdf,https://archive.org/download/mister-manuals/1991_Super%20Nintendo%20Entertainment%20System.zip/1991_Super%20Nintendo%20Entertainment%20System%2FBoogerman%20-%20A%20Pick%20and%20Flick%20Adventure.pdf,2657193,50b7619c7aa4e2fcdc9d2797d31e441d,,,Boogerman - A Pick and Flick Adventure.pdf
docs/SNES/Manuals/Boxing Legends of the Ring (Chavez II).pdf,https://archive.org/download/mister-manuals/1991_Super%20Nintendo%20Entertainment%20System.zip/1991_Super%20Nintendo%20Entertainment%20System%2FBoxing%20Legends%20of%20the%20Ring%20%28Chavez%20II%29.pdf,2892684,035fc7302c09fe0c4890a7c409e5f030,,,Boxing Legends of the Ring (Chavez II).pdf
docs/SNES/Manuals/Brain Lord.pdf,https://archive.org/download/mister-manuals/1991_Super%20Nintendo%20Entertainment%20System.zip/1991_Super%20Nintendo%20Entertainment%20System%2FBrain%20Lord.pdf,2154455,3165948e6ecb289adcbf6164802158f1,,,Brain Lord.pdf
"docs/SNES/Manuals/Brainies, The.pdf",https://archive.org/download/mister-manuals/1991_Super%20Nintendo%20Entertainment%20System.zip/1991_Super%20Nintendo%20Entertainment%20System%2FBrainies%2C%20The.pdf,793607,895e86df4433a70019c2b61ec9908efb,,,"Brainies, The.pdf"
docs/SNES/Manuals/Bram Stoker's Dracula.pdf,https://archive.org/download/mister-manuals/1991_Super%20Nintendo%20Entertainment%20System.zip/1991_Super%20Nintendo%20Entertainment%20System%2FBram%20Stoker%27s%20Dracula.pdf,1448945,8a9e45d33e1b78e3e72de9865f98eb08,,,Bram Stoker's Dracula.pdf
docs/SNES/Manuals/Brandish.pdf,https://archive.org/download/mister-manuals/1991_Super%20Nintendo%20Entertainment%20System.zip/1991_Super%20Nintendo%20Entertainment%20System%2FBrandish.pdf,3490706,106a2313a0bab5fac0768efecf537a3b,,,Brandish.pdf
docs/SNES/Manuals/Brawl Brothers.pdf,https://archive.org/download/mister-manuals/1991_Super%20Nintendo%20Entertainment%20System.zip/1991_Super%20Nintendo%20Entertainment%20System%2FBrawl%20Brothers.pdf,1837309,95bde16fce59795a6484b10ea5462b63,,,Brawl Brothers.pdf
docs/SNES/Manuals/BreakThru!.pdf,https://archive.org/download/mister-manuals/1991_Super%20Nintendo%20Entertainment%20System.zip/1991_Super%20Nintendo%20Entertainment%20System%2FBreakThru%21.pdf,2438088,27b8e67d6b684d92f6e4cab3dc161895,,,BreakThru!.pdf
docs/SNES/Manuals/Breath of Fire .pdf,https://archive.org/download/mister-manuals/1991_Super%20Nintendo%20Entertainment%20System.zip/1991_Super%20Nintendo%20Entertainment%20System%2FBreath%20of%20Fire%20.pdf,5170424,0d17b2f25d3711a7f1aebe2d464695cb,,,Breath of Fire .pdf
docs/SNES/Manuals/Breath of Fire II.pdf,https://archive.org/download/mister-manuals/1991_Super%20Nintendo%20Entertainment%20System.zip/1991_Super%20Nintendo%20Entertainment%20System%2FBreath%20of%20Fire%20II.pdf,3431273,7ce64a2f9d3a9d710a761e3b14ce1987,,,Breath of Fire II.pdf
docs/SNES/Manuals/Brett Hull Hockey .pdf,https://archive.org/download/mister-manuals/1991_Super%20Nintendo%20Entertainment%20System.zip/1991_Super%20Nintendo%20Entertainment%20System%2FBrett%20Hull%20Hockey%20.pdf,2294827,7bc1281bc402fbed385e0c9dd04378c8,,,Brett Hull Hockey .pdf
docs/SNES/Manuals/Brett Hull Hockey 95.pdf,https://archive.org/download/mister-manuals/1991_Super%20Nintendo%20Entertainment%20System.zip/1991_Super%20Nintendo%20Entertainment%20System%2FBrett%20Hull%20Hockey%2095.pdf,2330427,ec0d3f50c0aa05198f5f24519751d5a8,,,Brett Hull Hockey 95.pdf
docs/SNES/Manuals/Bronkie the Bronchiasaurus.pdf,https://archive.org/download/mister-manuals/1991_Super%20Nintendo%20Entertainment%20System.zip/1991_Super%20Nintendo%20Entertainment%20System%2FBronkie%20the%20Bronchiasaurus.pdf,1485489,134592f12129652055e73ec2a54f4075,,,Bronkie the Bronchiasaurus.pdf
docs/SNES/Manuals/Brunswick World - Tournament of Champions.pdf,https://archive.org/download/mister-manuals/1991_Super%20Nintendo%20Entertainment%20System.zip/1991_Super%20Nintendo%20Entertainment%20System%2FBrunswick%20World%20-%20Tournament%20of%20Champions.pdf,1534681,eda65c9234e406aff692802eefa5315d,,,Brunswick World - Tournament of Champions.pdf
docs/SNES/Manuals/Brutal - Paws of Fury.pdf,https://archive.org/download/mister-manuals/1991_Super%20Nintendo%20Entertainment%20System.zip/1991_Super%20Nintendo%20Entertainment%20System%2FBrutal%20-%20Paws%20of%20Fury.pdf,2902441,61de1ffeebd2f34d3f96dbbf66deca42,,,Brutal - Paws of Fury.pdf
docs/SNES/Manuals/Bubsy II.pdf,https://archive.org/download/mister-manuals/1991_Super%20Nintendo%20Entertainment%20System.zip/1991_Super%20Nintendo%20Entertainment%20System%2FBubsy%20II.pdf,3017273,a186a146a44cfceedfbf679eba355e76,,,Bubsy II.pdf
docs/SNES/Manuals/Bubsy in Claws Encounters of the Furred Kind.pdf,https://archive.org/download/mister-manuals/1991_Super%20Nintendo%20Entertainment%20System.zip/1991_Super%20Nintendo%20Entertainment%20System%2FBubsy%20in%20Claws%20Encounters%20of%20the%20Furred%20Kind.pdf,2136488,b30adac5b7513a1db6c8e7fdb9b82abb,,,Bubsy in Claws Encounters of the Furred Kind.pdf
docs/SNES/Manuals/Bugs Bunny - Rabbit Rampage.pdf,https://archive.org/download/mister-manuals/1991_Super%20Nintendo%20Entertainment%20System.zip/1991_Super%20Nintendo%20Entertainment%20System%2FBugs%20Bunny%20-%20Rabbit%20Rampage.pdf,1197519,94f18d4e6858ec0424175f5f47fa6627,,,Bugs Bunny - Rabbit Rampage.pdf
docs/SNES/Manuals/Bulls vs. Blazers and the NBA Playoffs.pdf,https://archive.org/download/mister-manuals/1991_Super%20Nintendo%20Entertainment%20System.zip/1991_Super%20Nintendo%20Entertainment%20System%2FBulls%20vs.%20Blazers%20and%20the%20NBA%20Playoffs.pdf,2706570,33504438d0d01ede8f543811c5b7bb7a,,,Bulls vs. Blazers and the NBA Playoffs.pdf
docs/SNES/Manuals/Bust-A-Move.pdf,https://archive.org/download/mister-manuals/1991_Super%20Nintendo%20Entertainment%20System.zip/1991_Super%20Nintendo%20Entertainment%20System%2FBust-A-Move.pdf,1259443,254e3b97de2eed94a44f3715895b0c08,,,Bust-A-Move.pdf
docs/SNES/Manuals/Cacoma Knight in Bizyland.pdf,https://archive.org/download/mister-manuals/1991_Super%20Nintendo%20Entertainment%20System.zip/1991_Super%20Nintendo%20Entertainment%20System%2FCacoma%20Knight%20in%20Bizyland.pdf,1192275,5d9b5ee9d408f09af9cb4d3ec736d098,,,Cacoma Knight in Bizyland.pdf
docs/SNES/Manuals/Cal Ripken Jr. Baseball.pdf,https://archive.org/download/mister-manuals/1991_Super%20Nintendo%20Entertainment%20System.zip/1991_Super%20Nintendo%20Entertainment%20System%2FCal%20Ripken%20Jr.%20Baseball.pdf,1734694,54101f8a3f60a98eff97aeee48503b27,,,Cal Ripken Jr. Baseball.pdf
docs/SNES/Manuals/California Games II.pdf,https://archive.org/download/mister-manuals/1991_Super%20Nintendo%20Entertainment%20System.zip/1991_Super%20Nintendo%20Entertainment%20System%2FCalifornia%20Games%20II.pdf,1067958,bf2bfb8807a7940db4e6633267216909,,,California Games II.pdf
docs/SNES/Manuals/Cannon Fodder.pdf,https://archive.org/download/mister-manuals/1991_Super%20Nintendo%20Entertainment%20System.zip/1991_Super%20Nintendo%20Entertainment%20System%2FCannon%20Fodder.pdf,1191842,b2838fe8001921dd4f03524da0d2a454,,,Cannon Fodder.pdf
docs/SNES/Manuals/Cannondale Cup (Mountain Bike Rally).pdf,https://archive.org/download/mister-manuals/1991_Super%20Nintendo%20Entertainment%20System.zip/1991_Super%20Nintendo%20Entertainment%20System%2FCannondale%20Cup%20%28Mountain%20Bike%20Rally%29.pdf,2007963,611c6e029348ff8981acc102ba5b395e,,,Cannondale Cup (Mountain Bike Rally).pdf
docs/SNES/Manuals/Capcom's MVP Football.pdf,https://archive.org/download/mister-manuals/1991_Super%20Nintendo%20Entertainment%20System.zip/1991_Super%20Nintendo%20Entertainment%20System%2FCapcom%27s%20MVP%20Football.pdf,2964985,6c5a25f7c7fbbb9187deb92bb071547c,,,Capcom's MVP Football.pdf
docs/SNES/Manuals/Capcom's Soccer Shootout.pdf,https://archive.org/download/mister-manuals/1991_Super%20Nintendo%20Entertainment%20System.zip/1991_Super%20Nintendo%20Entertainment%20System%2FCapcom%27s%20Soccer%20Shootout.pdf,2565008,3ad39616fb40dce3b5fc8af913993112,,,Capcom's Soccer Shootout.pdf
docs/SNES/Manuals/Captain America and the Avengers.pdf,https://archive.org/download/mister-manuals/1991_Super%20Nintendo%20Entertainment%20System.zip/1991_Super%20Nintendo%20Entertainment%20System%2FCaptain%20America%20and%20the%20Avengers.pdf,966690,8f25f34f9839c7844f8ba7329584cb6a,,,Captain America and the Avengers.pdf
docs/SNES/Manuals/Captain Commando.pdf,https://archive.org/download/mister-manuals/1991_Super%20Nintendo%20Entertainment%20System.zip/1991_Super%20Nintendo%20Entertainment%20System%2FCaptain%20Commando.pdf,1137226,42b37a1dccdeb778772b452ab4b0b325,,,Captain Commando.pdf
docs/SNES/Manuals/Captain Novolin.pdf,https://archive.org/download/mister-manuals/1991_Super%20Nintendo%20Entertainment%20System.zip/1991_Super%20Nintendo%20Entertainment%20System%2FCaptain%20Novolin.pdf,1324979,38b2948d6c109743a763602e62789453,,,Captain Novolin.pdf
docs/SNES/Manuals/Carrier Aces.pdf,https://archive.org/download/mister-manuals/1991_Super%20Nintendo%20Entertainment%20System.zip/1991_Super%20Nintendo%20Entertainment%20System%2FCarrier%20Aces.pdf,1606355,728334fba2c6e3eee2db23f5d8649d26,,,Carrier Aces.pdf
docs/SNES/Manuals/Casper.pdf,https://archive.org/download/mister-manuals/1991_Super%20Nintendo%20Entertainment%20System.zip/1991_Super%20Nintendo%20Entertainment%20System%2FCasper.pdf,1331134,a056b2deb21b7aa4c3cab3cc334e4abd,,,Casper.pdf
docs/SNES/Manuals/Castlevania - Dracula X.pdf,https://archive.org/download/mister-manuals/1991_Super%20Nintendo%20Entertainment%20System.zip/1991_Super%20Nintendo%20Entertainment%20System%2FCastlevania%20-%20Dracula%20X.pdf,1257402,ec83d2e7ff6c62742e5f7160673575b1,,,Castlevania - Dracula X.pdf
docs/SNES/Manuals/Champions World Class Soccer.pdf,https://archive.org/download/mister-manuals/1991_Super%20Nintendo%20Entertainment%20System.zip/1991_Super%20Nintendo%20Entertainment%20System%2FChampions%20World%20Class%20Soccer.pdf,2567586,0cf6112d794f16f89f463beefe7df2a7,,,Champions World Class Soccer.pdf
docs/SNES/Manuals/Championship Pool.pdf,https://archive.org/download/mister-manuals/1991_Super%20Nintendo%20Entertainment%20System.zip/1991_Super%20Nintendo%20Entertainment%20System%2FChampionship%20Pool.pdf,2205397,ccc266ad1915c0b5e585935f52537416,,,Championship Pool.pdf
docs/SNES/Manuals/Championship Soccer '94.pdf,https://archive.org/download/mister-manuals/1991_Super%20Nintendo%20Entertainment%20System.zip/1991_Super%20Nintendo%20Entertainment%20System%2FChampionship%20Soccer%20%2794.pdf,2811782,60e3cb9b5a3151152350276f4b7a77d8,,,Championship Soccer '94.pdf
"docs/SNES/Manuals/Chessmaster, The.pdf",https://archive.org/download/mister-manuals/1991_Super%20Nintendo%20Entertainment%20System.zip/1991_Super%20Nintendo%20Entertainment%20System%2FChessmaster%2C%20The.pdf,1240222,1f869dcd45080eb50f16b5ae9727e313,,,"Chessmaster, The.pdf"
docs/SNES/Manuals/Chester Cheetah - Too Cool to Fool.pdf,https://archive.org/download/mister-manuals/1991_Super%20Nintendo%20Entertainment%20System.zip/1991_Super%20Nintendo%20Entertainment%20System%2FChester%20Cheetah%20-%20Too%20Cool%20to%20Fool.pdf,864048,8fec016111a3dedf4fe99b121673ae35,,,Chester Cheetah - Too Cool to Fool.pdf
docs/SNES/Manuals/Chester Cheetah - Wild Wild Quest.pdf,https://archive.org/download/mister-manuals/1991_Super%20Nintendo%20Entertainment%20System.zip/1991_Super%20Nintendo%20Entertainment%20System%2FChester%20Cheetah%20-%20Wild%20Wild%20Quest.pdf,1239141,5af4a54754f74196f79baf6a6cdedbb4,,,Chester Cheetah - Wild Wild Quest.pdf
docs/SNES/Manuals/Choplifter III - Rescue & Survive.pdf,https://archive.org/download/mister-manuals/1991_Super%20Nintendo%20Entertainment%20System.zip/1991_Super%20Nintendo%20Entertainment%20System%2FChoplifter%20III%20-%20Rescue%20%26%20Survive.pdf,1217136,910e9aaf45ebee187056fd04912aaa36,,,Choplifter III - Rescue & Survive.pdf
docs/SNES/Manuals/Chrono Trigger.pdf,https://archive.org/download/mister-manuals/1991_Super%20Nintendo%20Entertainment%20System.zip/1991_Super%20Nintendo%20Entertainment%20System%2FChrono%20Trigger.pdf,7902217,7e3c86ad841f50ba44f46b0df9270139,,,Chrono Trigger.pdf
docs/SNES/Manuals/Chuck Rock.pdf,https://archive.org/download/mister-manuals/1991_Super%20Nintendo%20Entertainment%20System.zip/1991_Super%20Nintendo%20Entertainment%20System%2FChuck%20Rock.pdf,1296364,1a898ddc9a29b3d7a13da3094ed58548,,,Chuck Rock.pdf
docs/SNES/Manuals/Clay Fighter - Tournament Edition.pdf,https://archive.org/download/mister-manuals/1991_Super%20Nintendo%20Entertainment%20System.zip/1991_Super%20Nintendo%20Entertainment%20System%2FClay%20Fighter%20-%20Tournament%20Edition.pdf,2558624,003c6a58fb4c7f10676a13c73fe7017d,,,Clay Fighter - Tournament Edition.pdf
docs/SNES/Manuals/Clay Fighter .pdf,https://archive.org/download/mister-manuals/1991_Super%20Nintendo%20Entertainment%20System.zip/1991_Super%20Nintendo%20Entertainment%20System%2FClay%20Fighter%20.pdf,2268200,91e2c502384b9cccb7e3a0710c66a84e,,,Clay Fighter .pdf
docs/SNES/Manuals/Clay Fighter 2 - Judgment Clay.pdf,https://archive.org/download/mister-manuals/1991_Super%20Nintendo%20Entertainment%20System.zip/1991_Super%20Nintendo%20Entertainment%20System%2FClay%20Fighter%202%20-%20Judgment%20Clay.pdf,2243848,c0f2a1ba830bfaaaf3c36f9c17a4d710,,,Clay Fighter 2 - Judgment Clay.pdf
docs/SNES/Manuals/Claymates.pdf,https://archive.org/download/mister-manuals/1991_Super%20Nintendo%20Entertainment%20System.zip/1991_Super%20Nintendo%20Entertainment%20System%2FClaymates.pdf,2022010,aa449536334e8603f7e7acb508efb1de,,,Claymates.pdf
docs/SNES/Manuals/Cliffhanger.pdf,https://archive.org/download/mister-manuals/1991_Super%20Nintendo%20Entertainment%20System.zip/1991_Super%20Nintendo%20Entertainment%20System%2FCliffhanger.pdf,1198793,7c676bd263d2e4c5b6fa6e52f326a01d,,,Cliffhanger.pdf
docs/SNES/Manuals/Clue.pdf,https://archive.org/download/mister-manuals/1991_Super%20Nintendo%20Entertainment%20System.zip/1991_Super%20Nintendo%20Entertainment%20System%2FClue.pdf,2356267,369318b1c39475cea7a1914423b56faf,,,Clue.pdf
docs/SNES/Manuals/College Football USA 97.pdf,https://archive.org/download/mister-manuals/1991_Super%20Nintendo%20Entertainment%20System.zip/1991_Super%20Nintendo%20Entertainment%20System%2FCollege%20Football%20USA%2097.pdf,2534992,58ff60f53bb6804f1e3b53bc3cc95792,,,College Football USA 97.pdf
docs/SNES/Manuals/College Slam.pdf,https://archive.org/download/mister-manuals/1991_Super%20Nintendo%20Entertainment%20System.zip/1991_Super%20Nintendo%20Entertainment%20System%2FCollege%20Slam.pdf,3259095,d337aebc5e3f5077f3123be27be3d103,,,College Slam.pdf
"docs/SNES/Manuals/Combatribes, The.pdf",https://archive.org/download/mister-manuals/1991_Super%20Nintendo%20Entertainment%20System.zip/1991_Super%20Nintendo%20Entertainment%20System%2FCombatribes%2C%20The.pdf,1360921,4095abe4200774f009fd40bdb646ce84,,,"Combatribes, The.pdf"
docs/SNES/Manuals/Congo's Caper.pdf,https://archive.org/download/mister-manuals/1991_Super%20Nintendo%20Entertainment%20System.zip/1991_Super%20Nintendo%20Entertainment%20System%2FCongo%27s%20Caper.pdf,1216437,4274a1cad94912d1b2dcaf03940b7c91,,,Congo's Caper.pdf
docs/SNES/Manuals/Contra III - The Alien Wars.pdf,https://archive.org/download/mister-manuals/1991_Super%20Nintendo%20Entertainment%20System.zip/1991_Super%20Nintendo%20Entertainment%20System%2FContra%20III%20-%20The%20Alien%20Wars.pdf,885241,ec3786410ba154df0b68baf0aa7b68fc,,,Contra III - The Alien Wars.pdf
docs/SNES/Manuals/Cool Spot.pdf,https://archive.org/download/mister-manuals/1991_Super%20Nintendo%20Entertainment%20System.zip/1991_Super%20Nintendo%20Entertainment%20System%2FCool%20Spot.pdf,1816718,14113f2a399d22efac6ab51e81e3b16f,,,Cool Spot.pdf
docs/SNES/Manuals/Cool World.pdf,https://archive.org/download/mister-manuals/1991_Super%20Nintendo%20Entertainment%20System.zip/1991_Super%20Nintendo%20Entertainment%20System%2FCool%20World.pdf,820040,992a3967d0b6ab05cf83a1cf59690ed2,,,Cool World.pdf
docs/SNES/Manuals/Cutthroat Island.pdf,https://archive.org/download/mister-manuals/1991_Super%20Nintendo%20Entertainment%20System.zip/1991_Super%20Nintendo%20Entertainment%20System%2FCutthroat%20Island.pdf,2170166,b4d7e9993d29bf390a4bcd4d381b24a6,,,Cutthroat Island.pdf
docs/SNES/Manuals/Cyber Spin.pdf,https://archive.org/download/mister-manuals/1991_Super%20Nintendo%20Entertainment%20System.zip/1991_Super%20Nintendo%20Entertainment%20System%2FCyber%20Spin.pdf,1364508,978a897f94685fb0b27de8370b1b4bf2,,,Cyber Spin.pdf
docs/SNES/Manuals/Cybernator.pdf,https://archive.org/download/mister-manuals/1991_Super%20Nintendo%20Entertainment%20System.zip/1991_Super%20Nintendo%20Entertainment%20System%2FCybernator.pdf,1003207,fd6901f67551541fb24b78bb5825c9b6,,,Cybernator.pdf
docs/SNES/Manuals/D-Force.pdf,https://archive.org/download/mister-manuals/1991_Super%20Nintendo%20Entertainment%20System.zip/1991_Super%20Nintendo%20Entertainment%20System%2FD-Force.pdf,881571,3d29effd4b5f4549532767fb099694e1,,,D-Force.pdf
docs/SNES/Manuals/DOOM .pdf,https://archive.org/download/mister-manuals/1991_Super%20Nintendo%20Entertainment%20System.zip/1991_Super%20Nintendo%20Entertainment%20System%2FDOOM%20.pdf,2597132,ae6870815351e654677aa03042b013e0,,,DOOM .pdf
docs/SNES/Manuals/Daffy Duck - The Marvin Missions.pdf,https://archive.org/download/mister-manuals/1991_Super%20Nintendo%20Entertainment%20System.zip/1991_Super%20Nintendo%20Entertainment%20System%2FDaffy%20Duck%20-%20The%20Marvin%20Missions.pdf,1189168,1e1aaca0aa8bd4630a0962f719a0c73e,,,Daffy Duck - The Marvin Missions.pdf
docs/SNES/Manuals/Darius Twin.pdf,https://archive.org/download/mister-manuals/1991_Super%20Nintendo%20Entertainment%20System.zip/1991_Super%20Nintendo%20Entertainment%20System%2FDarius%20Twin.pdf,1693081,1d45fdc64af91fce2a50c419d3b4e195,,,Darius Twin.pdf
docs/SNES/Manuals/Daze Before Christmas.pdf,https://archive.org/download/mister-manuals/1991_Super%20Nintendo%20Entertainment%20System.zip/1991_Super%20Nintendo%20Entertainment%20System%2FDaze%20Before%20Christmas.pdf,983824,f91c4ac01b0cc599026df51b433b246f,,,Daze Before Christmas.pdf
"docs/SNES/Manuals/Death and Return of Superman, The.pdf",https://archive.org/download/mister-manuals/1991_Super%20Nintendo%20Entertainment%20System.zip/1991_Super%20Nintendo%20Entertainment%20System%2FDeath%20and%20Return%20of%20Superman%2C%20The.pdf,1086773,cff1494d11e2b9d07c23645af16b7eee,,,"Death and Return of Superman, The.pdf"
docs/SNES/Manuals/Demolition Man.pdf,https://archive.org/download/mister-manuals/1991_Super%20Nintendo%20Entertainment%20System.zip/1991_Super%20Nintendo%20Entertainment%20System%2FDemolition%20Man.pdf,1566445,143a69b438c1703209375f2100f6ab22,,,Demolition Man.pdf
docs/SNES/Manuals/Demon's Crest.pdf,https://archive.org/download/mister-manuals/1991_Super%20Nintendo%20Entertainment%20System.zip/1991_Super%20Nintendo%20Entertainment%20System%2FDemon%27s%20Crest.pdf,1412866,59ed3818599e5d96f686c025c6ad4559,,,Demon's Crest.pdf
docs/SNES/Manuals/Dennis the Menace.pdf,https://archive.org/download/mister-manuals/1991_Super%20Nintendo%20Entertainment%20System.zip/1991_Super%20Nintendo%20Entertainment%20System%2FDennis%20the%20Menace.pdf,1405568,1ded9d910e5ed233e4c65d6683b6c213,,,Dennis the Menace.pdf
docs/SNES/Manuals/Desert Strike - Return to the Gulf.pdf,https://archive.org/download/mister-manuals/1991_Super%20Nintendo%20Entertainment%20System.zip/1991_Super%20Nintendo%20Entertainment%20System%2FDesert%20Strike%20-%20Return%20to%20the%20Gulf.pdf,4861888,fb4085fe2a44acaac7d041daa336c16a,,,Desert Strike - Return to the Gulf.pdf
docs/SNES/Manuals/Dig & Spike Volleyball.pdf,https://archive.org/download/mister-manuals/1991_Super%20Nintendo%20Entertainment%20System.zip/1991_Super%20Nintendo%20Entertainment%20System%2FDig%20%26%20Spike%20Volleyball.pdf,1470682,5f9b21e98ed4ead8b73df60cfa95eca9,,,Dig & Spike Volleyball.pdf
docs/SNES/Manuals/Dino Dini's Soccer!.pdf,https://archive.org/download/mister-manuals/1991_Super%20Nintendo%20Entertainment%20System.zip/1991_Super%20Nintendo%20Entertainment%20System%2FDino%20Dini%27s%20Soccer%21.pdf,1834505,a93c9b75f4ea122e1f151f41053fa023,,,Dino Dini's Soccer!.pdf
docs/SNES/Manuals/DinoCity.pdf,https://archive.org/download/mister-manuals/1991_Super%20Nintendo%20Entertainment%20System.zip/1991_Super%20Nintendo%20Entertainment%20System%2FDinoCity.pdf,1632409,5cd4d65272234b49c250e45cba81ea5b,,,DinoCity.pdf
docs/SNES/Manuals/Dirt Racer.pdf,https://archive.org/download/mister-manuals/1991_Super%20Nintendo%20Entertainment%20System.zip/1991_Super%20Nintendo%20Entertainment%20System%2FDirt%20Racer.pdf,1126821,499914d6016d20eca89d5b30f0bb46b5,,,Dirt Racer.pdf
docs/SNES/Manuals/Dirt Trax FX.pdf,https://archive.org/download/mister-manuals/1991_Super%20Nintendo%20Entertainment%20System.zip/1991_Super%20Nintendo%20Entertainment%20System%2FDirt%20Trax%20FX.pdf,2079718,80a43d3fe6785304df97448b0164ffc1,,,Dirt Trax FX.pdf
docs/SNES/Manuals/Donkey Kong Country .pdf,https://archive.org/download/mister-manuals/1991_Super%20Nintendo%20Entertainment%20System.zip/1991_Super%20Nintendo%20Entertainment%20System%2FDonkey%20Kong%20Country%20.pdf,2685672,0fdafbc1ad74d87ded3c723dab592a24,,,Donkey Kong Country .pdf
docs/SNES/Manuals/Donkey Kong Country 2 - Diddy's Kong Quest.pdf,https://archive.org/download/mister-manuals/1991_Super%20Nintendo%20Entertainment%20System.zip/1991_Super%20Nintendo%20Entertainment%20System%2FDonkey%20Kong%20Country%202%20-%20Diddy%27s%20Kong%20Quest.pdf,2974874,0682564a8e9f75e8f6a05d28834a949b,,,Donkey Kong Country 2 - Diddy's Kong Quest.pdf
docs/SNES/Manuals/Donkey Kong Country 3 - Dixie Kong's Double Trouble.pdf,https://archive.org/download/mister-manuals/1991_Super%20Nintendo%20Entertainment%20System.zip/1991_Super%20Nintendo%20Entertainment%20System%2FDonkey%20Kong%20Country%203%20-%20Dixie%20Kong%27s%20Double%20Trouble.pdf,2193878,e6420ded86e27a58e70e20a6ca879a79,,,Donkey Kong Country 3 - Dixie Kong's Double Trouble.pdf
docs/SNES/Manuals/Doom Troopers - Mutant Chronicles.pdf,https://archive.org/download/mister-manuals/1991_Super%20Nintendo%20Entertainment%20System.zip/1991_Super%20Nintendo%20Entertainment%20System%2FDoom%20Troopers%20-%20Mutant%20Chronicles.pdf,1536924,b820b47ab4aeff0fb71f7e844c381b58,,,Doom Troopers - Mutant Chronicles.pdf
docs/SNES/Manuals/Doomsday Warrior.pdf,https://archive.org/download/mister-manuals/1991_Super%20Nintendo%20Entertainment%20System.zip/1991_Super%20Nintendo%20Entertainment%20System%2FDoomsday%20Warrior.pdf,2015012,7bfa891708f97f4aa7431a4989f5ac75,,,Doomsday Warrior.pdf
docs/SNES/Manuals/Double Dragon V - The Shadow Falls.pdf,https://archive.org/download/mister-manuals/1991_Super%20Nintendo%20Entertainment%20System.zip/1991_Super%20Nintendo%20Entertainment%20System%2FDouble%20Dragon%20V%20-%20The%20Shadow%20Falls.pdf,3159401,243e020eb145c4e6cb869d5da3e6de58,,,Double Dragon V - The Shadow Falls.pdf
docs/SNES/Manuals/Dragon - The Bruce Lee Story.pdf,https://archive.org/download/mister-manuals/1991_Super%20Nintendo%20Entertainment%20System.zip/1991_Super%20Nintendo%20Entertainment%20System%2FDragon%20-%20The%20Bruce%20Lee%20Story.pdf,3041366,c43bb632f5445f7e08ca84ddfafa812b,,,Dragon - The Bruce Lee Story.pdf
docs/SNES/Manuals/Dragon View.pdf,https://archive.org/download/mister-manuals/1991_Super%20Nintendo%20Entertainment%20System.zip/1991_Super%20Nintendo%20Entertainment%20System%2FDragon%20View.pdf,1313264,695a702d3a217f7524606d808ea5af36,,,Dragon View.pdf
docs/SNES/Manuals/Dragon's Lair.pdf,https://archive.org/download/mister-manuals/1991_Super%20Nintendo%20Entertainment%20System.zip/1991_Super%20Nintendo%20Entertainment%20System%2FDragon%27s%20Lair.pdf,1406527,18ac49a7b4e5f29309dd38d344229ffb,,,Dragon's Lair.pdf
docs/SNES/Manuals/Drakkhen.pdf,https://archive.org/download/mister-manuals/1991_Super%20Nintendo%20Entertainment%20System.zip/1991_Super%20Nintendo%20Entertainment%20System%2FDrakkhen.pdf,1992337,dacbe112a6178f89885a856ce8f788ac,,,Drakkhen.pdf
docs/SNES/Manuals/Dream TV.pdf,https://archive.org/download/mister-manuals/1991_Super%20Nintendo%20Entertainment%20System.zip/1991_Super%20Nintendo%20Entertainment%20System%2FDream%20TV.pdf,801880,9e3f6691bcf88f5035f5e2793fe4f701,,,Dream TV.pdf
"docs/SNES/Manuals/Duel, The - Test Drive II.pdf",https://archive.org/download/mister-manuals/1991_Super%20Nintendo%20Entertainment%20System.zip/1991_Super%20Nintendo%20Entertainment%20System%2FDuel%2C%20The%20-%20Test%20Drive%20II.pdf,1268445,ec3d82fabbfd9acdaef7e4e48d4c7814,,,"Duel, The - Test Drive II.pdf"
docs/SNES/Manuals/Dungeon Master.pdf,https://archive.org/download/mister-manuals/1991_Super%20Nintendo%20Entertainment%20System.zip/1991_Super%20Nintendo%20Entertainment%20System%2FDungeon%20Master.pdf,3023725,ab28897286bc0e2aa55a2a54e1a7b02e,,,Dungeon Master.pdf
docs/SNES/Manuals/E.V.O. Search for Eden.pdf,https://archive.org/download/mister-manuals/1991_Super%20Nintendo%20Entertainment%20System.zip/1991_Super%20Nintendo%20Entertainment%20System%2FE.V.O.%20Search%20for%20Eden.pdf,1401244,7c1e712531ed9e87cb8ec52bfb9e21c4,,,E.V.O. Search for Eden.pdf
docs/SNES/Manuals/ESPN Baseball Tonight.pdf,https://archive.org/download/mister-manuals/1991_Super%20Nintendo%20Entertainment%20System.zip/1991_Super%20Nintendo%20Entertainment%20System%2FESPN%20Baseball%20Tonight.pdf,3808377,161005175388cc553569f94ed41fa018,,,ESPN Baseball Tonight.pdf
docs/SNES/Manuals/ESPN National Hockey Night.pdf,https://archive.org/download/mister-manuals/1991_Super%20Nintendo%20Entertainment%20System.zip/1991_Super%20Nintendo%20Entertainment%20System%2FESPN%20National%20Hockey%20Night.pdf,1571724,bacbdbbfddff27166d33ddf5524e4977,,,ESPN National Hockey Night.pdf
docs/SNES/Manuals/ESPN Speed World.pdf,https://archive.org/download/mister-manuals/1991_Super%20Nintendo%20Entertainment%20System.zip/1991_Super%20Nintendo%20Entertainment%20System%2FESPN%20Speed%20World.pdf,1640633,de701a0ce608320a49ac59c6a68ef4fd,,,ESPN Speed World.pdf
docs/SNES/Manuals/ESPN Sunday Night NFL.pdf,https://archive.org/download/mister-manuals/1991_Super%20Nintendo%20Entertainment%20System.zip/1991_Super%20Nintendo%20Entertainment%20System%2FESPN%20Sunday%20Night%20NFL.pdf,1806368,94afd97eb09a2cd1f732ecd2a6b27c37,,,ESPN Sunday Night NFL.pdf
docs/SNES/Manuals/Earth Defense Force.pdf,https://archive.org/download/mister-manuals/1991_Super%20Nintendo%20Entertainment%20System.zip/1991_Super%20Nintendo%20Entertainment%20System%2FEarth%20Defense%20Force.pdf,1831916,d5154cf844ffb506b7c0aa22342a9ec2,,,Earth Defense Force.pdf
docs/SNES/Manuals/EarthBound.pdf,https://archive.org/download/mister-manuals/1991_Super%20Nintendo%20Entertainment%20System.zip/1991_Super%20Nintendo%20Entertainment%20System%2FEarthBound.pdf,19573802,ce20b20334c4faa82e2bae1c5bb72ce3,,,EarthBound.pdf
docs/SNES/Manuals/Earthworm Jim .pdf,https://archive.org/download/mister-manuals/1991_Super%20Nintendo%20Entertainment%20System.zip/1991_Super%20Nintendo%20Entertainment%20System%2FEarthworm%20Jim%20.pdf,2102878,851d4c056a30e7bd2ea8a34adfd36d05,,,Earthworm Jim .pdf
docs/SNES/Manuals/Earthworm Jim 2.pdf,https://archive.org/download/mister-manuals/1991_Super%20Nintendo%20Entertainment%20System.zip/1991_Super%20Nintendo%20Entertainment%20System%2FEarthworm%20Jim%202.pdf,1558343,e1a8fdf902d1a0374f9281f0f7917884,,,Earthworm Jim 2.pdf
docs/SNES/Manuals/Eek! The Cat.pdf,https://archive.org/download/mister-manuals/1991_Super%20Nintendo%20Entertainment%20System.zip/1991_Super%20Nintendo%20Entertainment%20System%2FEek%21%20The%20Cat.pdf,1214950,7519a912f37a0e89917e550f23ff4d5b,,,Eek! The Cat.pdf
docs/SNES/Manuals/Elite Soccer.pdf,https://archive.org/download/mister-manuals/1991_Super%20Nintendo%20Entertainment%20System.zip/1991_Super%20Nintendo%20Entertainment%20System%2FElite%20Soccer.pdf,1690759,1024c6b9123bd6f0e22494648e45008d,,,Elite Soccer.pdf
docs/SNES/Manuals/Emmitt Smith Football.pdf,https://archive.org/download/mister-manuals/1991_Super%20Nintendo%20Entertainment%20System.zip/1991_Super%20Nintendo%20Entertainment%20System%2FEmmitt%20Smith%20Football.pdf,1823190,c5910b1908237d6b9fbc4a9bd298d29b,,,Emmitt Smith Football.pdf
docs/SNES/Manuals/Equinox.pdf,https://archive.org/download/mister-manuals/1991_Super%20Nintendo%20Entertainment%20System.zip/1991_Super%20Nintendo%20Entertainment%20System%2FEquinox.pdf,1991665,54378c13d4762a7f462620fcea18bd95,,,Equinox.pdf
docs/SNES/Manuals/Extra Innings.pdf,https://archive.org/download/mister-manuals/1991_Super%20Nintendo%20Entertainment%20System.zip/1991_Super%20Nintendo%20Entertainment%20System%2FExtra%20Innings.pdf,2057389,f50b716b123a3a61da982c96a979c917,,,Extra Innings.pdf
docs/SNES/Manuals/F-ZERO.pdf,https://archive.org/download/mister-manuals/1991_Super%20Nintendo%20Entertainment%20System.zip/1991_Super%20Nintendo%20Entertainment%20System%2FF-ZERO.pdf,2675628,a85fada07115b3d04d8072d96efeee60,,,F-ZERO.pdf
docs/SNES/Manuals/F1 - World Championship Edition.pdf,https://archive.org/download/mister-manuals/1991_Super%20Nintendo%20Entertainment%20System.zip/1991_Super%20Nintendo%20Entertainment%20System%2FF1%20-%20World%20Championship%20Edition.pdf,1260185,43ad13da5ceb03354506b4720ff06bb3,,,F1 - World Championship Edition.pdf
docs/SNES/Manuals/F1 Pole Position .pdf,https://archive.org/download/mister-manuals/1991_Super%20Nintendo%20Entertainment%20System.zip/1991_Super%20Nintendo%20Entertainment%20System%2FF1%20Pole%20Position%20.pdf,2355410,b4f4afee5b392662ffac186d0bd910fd,,,F1 Pole Position .pdf
docs/SNES/Manuals/F1 Pole Position 2.pdf,https://archive.org/download/mister-manuals/1991_Super%20Nintendo%20Entertainment%20System.zip/1991_Super%20Nintendo%20Entertainment%20System%2FF1%20Pole%20Position%202.pdf,952128,d1335ada277d372b87f851d6daea30cb,,,F1 Pole Position 2.pdf
docs/SNES/Manuals/F1 ROC - Race of Champions.pdf,https://archive.org/download/mister-manuals/1991_Super%20Nintendo%20Entertainment%20System.zip/1991_Super%20Nintendo%20Entertainment%20System%2FF1%20ROC%20-%20Race%20of%20Champions.pdf,1137415,3e1f6f1d1fcb3ea5ba2012a8924c24c7,,,F1 ROC - Race of Champions.pdf
docs/SNES/Manuals/F1 ROC II - Race of Champions.pdf,https://archive.org/download/mister-manuals/1991_Super%20Nintendo%20Entertainment%20System.zip/1991_Super%20Nintendo%20Entertainment%20System%2FF1%20ROC%20II%20-%20Race%20of%20Champions.pdf,1542997,6554423ffa80e8f6e3945055e8413f02,,,F1 ROC II - Race of Champions.pdf
docs/SNES/Manuals/FIFA International Soccer.pdf,https://archive.org/download/mister-manuals/1991_Super%20Nintendo%20Entertainment%20System.zip/1991_Super%20Nintendo%20Entertainment%20System%2FFIFA%20International%20Soccer.pdf,2311893,5756521b253fd3cee63d6a2a69f0f904,,,FIFA International Soccer.pdf
docs/SNES/Manuals/FIFA Soccer 96.pdf,https://archive.org/download/mister-manuals/1991_Super%20Nintendo%20Entertainment%20System.zip/1991_Super%20Nintendo%20Entertainment%20System%2FFIFA%20Soccer%2096.pdf,2226229,994105bd1249fac63ff7cdea18a5cba8,,,FIFA Soccer 96.pdf
docs/SNES/Manuals/FIFA Soccer 97.pdf,https://archive.org/download/mister-manuals/1991_Super%20Nintendo%20Entertainment%20System.zip/1991_Super%20Nintendo%20Entertainment%20System%2FFIFA%20Soccer%2097.pdf,2466219,328a8fa3ab520e670be3759fe7a11fae,,,FIFA Soccer 97.pdf
docs/SNES/Manuals/FIFA Soccer 98 - Road to the World Cup.pdf,https://archive.org/download/mister-manuals/1991_Super%20Nintendo%20Entertainment%20System.zip/1991_Super%20Nintendo%20Entertainment%20System%2FFIFA%20Soccer%2098%20-%20Road%20to%20the%20World%20Cup.pdf,2344539,73cbe002ed89951b702292fe637cf00c,,,FIFA Soccer 98 - Road to the World Cup.pdf
docs/SNES/Manuals/Faceball 2000.pdf,https://archive.org/download/mister-manuals/1991_Super%20Nintendo%20Entertainment%20System.zip/1991_Super%20Nintendo%20Entertainment%20System%2FFaceball%202000.pdf,1459728,2dd1e3abd655b70fd492814f92a266e4,,,Faceball 2000.pdf
docs/SNES/Manuals/Family Dog.pdf,https://archive.org/download/mister-manuals/1991_Super%20Nintendo%20Entertainment%20System.zip/1991_Super%20Nintendo%20Entertainment%20System%2FFamily%20Dog.pdf,841780,e3abb5b012c866433e1c27f80c14373b,,,Family Dog.pdf
docs/SNES/Manuals/Family Feud.pdf,https://archive.org/download/mister-manuals/1991_Super%20Nintendo%20Entertainment%20System.zip/1991_Super%20Nintendo%20Entertainment%20System%2FFamily%20Feud.pdf,1532514,dd86c0885270c8a730a9c0b61062b8e7,,,Family Feud.pdf
docs/SNES/Manuals/Fatal Fury - King of Fighters.pdf,https://archive.org/download/mister-manuals/1991_Super%20Nintendo%20Entertainment%20System.zip/1991_Super%20Nintendo%20Entertainment%20System%2FFatal%20Fury%20-%20King%20of%20Fighters.pdf,2558214,5366267e472948cd9202d4359ab00a0d,,,Fatal Fury - King of Fighters.pdf
docs/SNES/Manuals/Fatal Fury 2.pdf,https://archive.org/download/mister-manuals/1991_Super%20Nintendo%20Entertainment%20System.zip/1991_Super%20Nintendo%20Entertainment%20System%2FFatal%20Fury%202.pdf,2364156,65c1440b97893a819d80383e62a4a687,,,Fatal Fury 2.pdf
docs/SNES/Manuals/Fatal Fury Special.pdf,https://archive.org/download/mister-manuals/1991_Super%20Nintendo%20Entertainment%20System.zip/1991_Super%20Nintendo%20Entertainment%20System%2FFatal%20Fury%20Special.pdf,2704791,57ec95ff78b72bd241c4f09bebdd905f,,,Fatal Fury Special.pdf
docs/SNES/Manuals/Fighter's History.pdf,https://archive.org/download/mister-manuals/1991_Super%20Nintendo%20Entertainment%20System.zip/1991_Super%20Nintendo%20Entertainment%20System%2FFighter%27s%20History.pdf,1594883,d85e0aad0f4a60d23614a9cfe582c03c,,,Fighter's History.pdf
docs/SNES/Manuals/Final Fantasy - Mystic Quest.pdf,https://archive.org/download/mister-manuals/1991_Super%20Nintendo%20Entertainment%20System.zip/1991_Super%20Nintendo%20Entertainment%20System%2FFinal%20Fantasy%20-%20Mystic%20Quest.pdf,5119232,2eb94d6a31bdf9206f61a0b93cd532d0,,,Final Fantasy - Mystic Quest.pdf
docs/SNES/Manuals/Final Fantasy II (Final Fantasy IV).pdf,https://archive.org/download/mister-manuals/1991_Super%20Nintendo%20Entertainment%20System.zip/1991_Super%20Nintendo%20Entertainment%20System%2FFinal%20Fantasy%20II%20%28Final%20Fantasy%20IV%29.pdf,7096723,22c386de5e0856cf941a1718c71bbbce,,,Final Fantasy II (Final Fantasy IV).pdf
docs/SNES/Manuals/Final Fantasy III (Final Fantasy VI).pdf,https://archive.org/download/mister-manuals/1991_Super%20Nintendo%20Entertainment%20System.zip/1991_Super%20Nintendo%20Entertainment%20System%2FFinal%20Fantasy%20III%20%28Final%20Fantasy%20VI%29.pdf,8007389,be644070c358b4c319872343aa580d8b,,,Final Fantasy III (Final Fantasy VI).pdf
docs/SNES/Manuals/Final Fight .pdf,https://archive.org/download/mister-manuals/1991_Super%20Nintendo%20Entertainment%20System.zip/1991_Super%20Nintendo%20Entertainment%20System%2FFinal%20Fight%20.pdf,769517,8ef06b7196cbdb60228fc538bad7d155,,,Final Fight .pdf
docs/SNES/Manuals/Final Fight 2.pdf,https://archive.org/download/mister-manuals/1991_Super%20Nintendo%20Entertainment%20System.zip/1991_Super%20Nintendo%20Entertainment%20System%2FFinal%20Fight%202.pdf,1369204,801bc7c810167a276673b5951279d3f1,,,Final Fight 2.pdf
docs/SNES/Manuals/Final Fight 3.pdf,https://archive.org/download/mister-manuals/1991_Super%20Nintendo%20Entertainment%20System.zip/1991_Super%20Nintendo%20Entertainment%20System%2FFinal%20Fight%203.pdf,1762130,7640c66a802b13822f33fc3c0acef4ff,,,Final Fight 3.pdf
docs/SNES/Manuals/Final Fight Guy.pdf,https://archive.org/download/mister-manuals/1991_Super%20Nintendo%20Entertainment%20System.zip/1991_Super%20Nintendo%20Entertainment%20System%2FFinal%20Fight%20Guy.pdf,646851,c96cf51eb229c62027e85586bd57f142,,,Final Fight Guy.pdf
docs/SNES/Manuals/FireStriker.pdf,https://archive.org/download/mister-manuals/1991_Super%20Nintendo%20Entertainment%20System.zip/1991_Super%20Nintendo%20Entertainment%20System%2FFireStriker.pdf,1819135,65d12e45d988874e679adb8dffb66040,,,FireStriker.pdf
"docs/SNES/Manuals/Firemen, The.pdf",https://archive.org/download/mister-manuals/1991_Super%20Nintendo%20Entertainment%20System.zip/1991_Super%20Nintendo%20Entertainment%20System%2FFiremen%2C%20The.pdf,1913187,bc311175ce34a5ee94b0686d8dc724c2,,,"Firemen, The.pdf"
docs/SNES/Manuals/Firepower 2000.pdf,https://archive.org/download/mister-manuals/1991_Super%20Nintendo%20Entertainment%20System.zip/1991_Super%20Nintendo%20Entertainment%20System%2FFirepower%202000.pdf,1249764,bf6d5e1f2fcb04bbdef3804e0d84fc43,,,Firepower 2000.pdf
docs/SNES/Manuals/First Samurai.pdf,https://archive.org/download/mister-manuals/1991_Super%20Nintendo%20Entertainment%20System.zip/1991_Super%20Nintendo%20Entertainment%20System%2FFirst%20Samurai.pdf,1997940,db5b071b561e6ab2dde007bf72b7505b,,,First Samurai.pdf
docs/SNES/Manuals/Flashback - The Quest for Identity.pdf,https://archive.org/download/mister-manuals/1991_Super%20Nintendo%20Entertainment%20System.zip/1991_Super%20Nintendo%20Entertainment%20System%2FFlashback%20-%20The%20Quest%20for%20Identity.pdf,2532328,e9b0598c2aafd7c2c7fe3e443708c9c6,,,Flashback - The Quest for Identity.pdf
"docs/SNES/Manuals/Flintstones, The - The Treasure of Sierra Madrock.pdf",https://archive.org/download/mister-manuals/1991_Super%20Nintendo%20Entertainment%20System.zip/1991_Super%20Nintendo%20Entertainment%20System%2FFlintstones%2C%20The%20-%20The%20Treasure%20of%20Sierra%20Madrock.pdf,1182161,bcbeea6aae8f03185127e8c135515c6e,,,"Flintstones, The - The Treasure of Sierra Madrock.pdf"
"docs/SNES/Manuals/Flintstones, The .pdf",https://archive.org/download/mister-manuals/1991_Super%20Nintendo%20Entertainment%20System.zip/1991_Super%20Nintendo%20Entertainment%20System%2FFlintstones%2C%20The%20.pdf,952077,773e5a6d6abc6c0b42c310c18c8f19a1,,,"Flintstones, The .pdf"
docs/SNES/Manuals/Football Fury.pdf,https://archive.org/download/mister-manuals/1991_Super%20Nintendo%20Entertainment%20System.zip/1991_Super%20Nintendo%20Entertainment%20System%2FFootball%20Fury.pdf,2451076,133ff3942aa7b602dacdbf0201cb6ddf,,,Football Fury.pdf
docs/SNES/Manuals/Foreman for Real.pdf,https://archive.org/download/mister-manuals/1991_Super%20Nintendo%20Entertainment%20System.zip/1991_Super%20Nintendo%20Entertainment%20System%2FForeman%20for%20Real.pdf,1778252,b01c891636e4384e3ab63380fe057e9f,,,Foreman for Real.pdf
docs/SNES/Manuals/Frank Thomas' Big Hurt Baseball.pdf,https://archive.org/download/mister-manuals/1991_Super%20Nintendo%20Entertainment%20System.zip/1991_Super%20Nintendo%20Entertainment%20System%2FFrank%20Thomas%27%20Big%20Hurt%20Baseball.pdf,2201951,0ef41a7da10fa564053d6ad628855147,,,Frank Thomas' Big Hurt Baseball.pdf
docs/SNES/Manuals/Frantic Flea.pdf,https://archive.org/download/mister-manuals/1991_Super%20Nintendo%20Entertainment%20System.zip/1991_Super%20Nintendo%20Entertainment%20System%2FFrantic%20Flea.pdf,1270951,9daef1880f2a73d461d85d68980280dc,,,Frantic Flea.pdf
docs/SNES/Manuals/Frogger.pdf,https://archive.org/download/mister-manuals/1991_Super%20Nintendo%20Entertainment%20System.zip/1991_Super%20Nintendo%20Entertainment%20System%2FFrogger.pdf,893232,c9cf8fe389b42aba915e93a565d041d6,,,Frogger.pdf
docs/SNES/Manuals/Full Throttle - All-American Racing.pdf,https://archive.org/download/mister-manuals/1991_Super%20Nintendo%20Entertainment%20System.zip/1991_Super%20Nintendo%20Entertainment%20System%2FFull%20Throttle%20-%20All-American%20Racing.pdf,1731406,75154b8646150b6625fc80060cfa78cd,,,Full Throttle - All-American Racing.pdf
docs/SNES/Manuals/Fun 'n' Games.pdf,https://archive.org/download/mister-manuals/1991_Super%20Nintendo%20Entertainment%20System.zip/1991_Super%20Nintendo%20Entertainment%20System%2FFun%20%27n%27%20Games.pdf,2334440,6bc311fd0179414243a5b3f073706065,,,Fun 'n' Games.pdf
docs/SNES/Manuals/GP-1 - Part II.pdf,https://archive.org/download/mister-manuals/1991_Super%20Nintendo%20Entertainment%20System.zip/1991_Super%20Nintendo%20Entertainment%20System%2FGP-1%20-%20Part%20II.pdf,1594207,406c1a28d0f14fac8fdf8472453edc21,,,GP-1 - Part II.pdf
docs/SNES/Manuals/GP-1 .pdf,https://archive.org/download/mister-manuals/1991_Super%20Nintendo%20Entertainment%20System.zip/1991_Super%20Nintendo%20Entertainment%20System%2FGP-1%20.pdf,1283543,c5b27604bdf5c0c67476da557970c3d9,,,GP-1 .pdf
docs/SNES/Manuals/Gemfire.pdf,https://archive.org/download/mister-manuals/1991_Super%20Nintendo%20Entertainment%20System.zip/1991_Super%20Nintendo%20Entertainment%20System%2FGemfire.pdf,3415640,6fec268b1ced4426332be41df642ec30,,,Gemfire.pdf
docs/SNES/Manuals/Genghis Khan II - Clan of the Gray Wolf.pdf,https://archive.org/download/mister-manuals/1991_Super%20Nintendo%20Entertainment%20System.zip/1991_Super%20Nintendo%20Entertainment%20System%2FGenghis%20Khan%20II%20-%20Clan%20of%20the%20Gray%20Wolf.pdf,4785290,5f2c6d3c12f706ba1273a0e9b3851f0f,,,Genghis Khan II - Clan of the Gray Wolf.pdf
docs/SNES/Manuals/George Foreman's KO Boxing.pdf,https://archive.org/download/mister-manuals/1991_Super%20Nintendo%20Entertainment%20System.zip/1991_Super%20Nintendo%20Entertainment%20System%2FGeorge%20Foreman%27s%20KO%20Boxing.pdf,1723196,122607f39a1d8c0f73bc9fc3eac36104,,,George Foreman's KO Boxing.pdf
docs/SNES/Manuals/Ghoul Patrol.pdf,https://archive.org/download/mister-manuals/1991_Super%20Nintendo%20Entertainment%20System.zip/1991_Super%20Nintendo%20Entertainment%20System%2FGhoul%20Patrol.pdf,886974,ac521a3dbf9dadcbfb3f9f5c043aa026,,,Ghoul Patrol.pdf
docs/SNES/Manuals/Goal!.pdf,https://archive.org/download/mister-manuals/1991_Super%20Nintendo%20Entertainment%20System.zip/1991_Super%20Nintendo%20Entertainment%20System%2FGoal%21.pdf,3075531,0c85215564d0842d34770cdda4df4dd1,,,Goal!.pdf
docs/SNES/Manuals/Gods.pdf,https://archive.org/download/mister-manuals/1991_Super%20Nintendo%20Entertainment%20System.zip/1991_Super%20Nintendo%20Entertainment%20System%2FGods.pdf,1314663,a5bf295ac79e1b563a50af01b7bad466,,,Gods.pdf
docs/SNES/Manuals/Goof Troop.pdf,https://archive.org/download/mister-manuals/1991_Super%20Nintendo%20Entertainment%20System.zip/1991_Super%20Nintendo%20Entertainment%20System%2FGoof%20Troop.pdf,1122913,2d000f426fe82822d3047904096b7056,,,Goof Troop.pdf
docs/SNES/Manuals/Gradius III.pdf,https://archive.org/download/mister-manuals/1991_Super%20Nintendo%20Entertainment%20System.zip/1991_Super%20Nintendo%20Entertainment%20System%2FGradius%20III.pdf,1188572,f144ee4d822c19f488e6285606bd1d15,,,Gradius III.pdf
"docs/SNES/Manuals/Great Circus Mystery starring Mickey & Minnie, The.pdf",https://archive.org/download/mister-manuals/1991_Super%20Nintendo%20Entertainment%20System.zip/1991_Super%20Nintendo%20Entertainment%20System%2FGreat%20Circus%20Mystery%20starring%20Mickey%20%26%20Minnie%2C%20The.pdf,1659125,74dbf45dd6f8e4b2e67e1c86b8f7bf86,,,"Great Circus Mystery starring Mickey & Minnie, The.pdf"
"docs/SNES/Manuals/Great Waldo Search, The.pdf",https://archive.org/download/mister-manuals/1991_Super%20Nintendo%20Entertainment%20System.zip/1991_Super%20Nintendo%20Entertainment%20System%2FGreat%20Waldo%20Search%2C%20The.pdf,840366,5a0d1b811cfa7f2788591982c8656839,,,"Great Waldo Search, The.pdf"
docs/SNES/Manuals/GunForce.pdf,https://archive.org/download/mister-manuals/1991_Super%20Nintendo%20Entertainment%20System.zip/1991_Super%20Nintendo%20Entertainment%20System%2FGunForce.pdf,1360409,7acfeda3fb4c36b76af02573bb13f5ab,,,GunForce.pdf
docs/SNES/Manuals/HAL's Hole in One Golf.pdf,https://archive.org/download/mister-manuals/1991_Super%20Nintendo%20Entertainment%20System.zip/1991_Super%20Nintendo%20Entertainment%20System%2FHAL%27s%20Hole%20in%20One%20Golf.pdf,742619,576ade383beb311f5bf6b88ded9d9927,,,HAL's Hole in One Golf.pdf
docs/SNES/Manuals/Hagane - The Final Conflict.pdf,https://archive.org/download/mister-manuals/1991_Super%20Nintendo%20Entertainment%20System.zip/1991_Super%20Nintendo%20Entertainment%20System%2FHagane%20-%20The%20Final%20Conflict.pdf,1275881,f59a3751e7eae3555c3df851d307fea8,,,Hagane - The Final Conflict.pdf
docs/SNES/Manuals/Hammerlock Wrestling.pdf,https://archive.org/download/mister-manuals/1991_Super%20Nintendo%20Entertainment%20System.zip/1991_Super%20Nintendo%20Entertainment%20System%2FHammerlock%20Wrestling.pdf,1486960,3c0b8e685aa1c79a1cbd63bff149ac93,,,Hammerlock Wrestling.pdf
docs/SNES/Manuals/HardBall III.pdf,https://archive.org/download/mister-manuals/1991_Super%20Nintendo%20Entertainment%20System.zip/1991_Super%20Nintendo%20Entertainment%20System%2FHardBall%20III.pdf,2728246,d235324d648321b45cc3ec2889608913,,,HardBall III.pdf
docs/SNES/Manuals/Harley's Humongous Adventure.pdf,https://archive.org/download/mister-manuals/1991_Super%20Nintendo%20Entertainment%20System.zip/1991_Super%20Nintendo%20Entertainment%20System%2FHarley%27s%20Humongous%20Adventure.pdf,1741892,e8bbe82215f955e8d356d6ddbc0c7ad7,,,Harley's Humongous Adventure.pdf
docs/SNES/Manuals/Harvest Moon.pdf,https://archive.org/download/mister-manuals/1991_Super%20Nintendo%20Entertainment%20System.zip/1991_Super%20Nintendo%20Entertainment%20System%2FHarvest%20Moon.pdf,2247412,3d96d9f27e9968cd4ddf25077b2e63ab,,,Harvest Moon.pdf
docs/SNES/Manuals/Head-On Soccer.pdf,https://archive.org/download/mister-manuals/1991_Super%20Nintendo%20Entertainment%20System.zip/1991_Super%20Nintendo%20Entertainment%20System%2FHead-On%20Soccer.pdf,2116366,99f88a8d94526369fda85828c2daeb3f,,,Head-On Soccer.pdf
docs/SNES/Manuals/Hebereke's Popoitto.pdf,https://archive.org/download/mister-manuals/1991_Super%20Nintendo%20Entertainment%20System.zip/1991_Super%20Nintendo%20Entertainment%20System%2FHebereke%27s%20Popoitto.pdf,1039159,7e88c1f6a4c86cbe00582f14cefcd4ea,,,Hebereke's Popoitto.pdf
docs/SNES/Manuals/Hebereke's Popoon.pdf,https://archive.org/download/mister-manuals/1991_Super%20Nintendo%20Entertainment%20System.zip/1991_Super%20Nintendo%20Entertainment%20System%2FHebereke%27s%20Popoon.pdf,1798056,2ad18d586f06a6caad72d66fb0465ee3,,,Hebereke's Popoon.pdf
docs/SNES/Manuals/Hit the Ice.pdf,https://archive.org/download/mister-manuals/1991_Super%20Nintendo%20Entertainment%20System.zip/1991_Super%20Nintendo%20Entertainment%20System%2FHit%20the%20Ice.pdf,1545912,3c2de3543d96d53d1030c1e856b75cbf,,,Hit the Ice.pdf
docs/SNES/Manuals/Home Alone .pdf,https://archive.org/download/mister-manuals/1991_Super%20Nintendo%20Entertainment%20System.zip/1991_Super%20Nintendo%20Entertainment%20System%2FHome%20Alone%20.pdf,984398,b433d28ff947501cfbea6dd2dd08984d,,,Home Alone .pdf
docs/SNES/Manuals/Home Alone 2 - Lost in New York.pdf,https://archive.org/download/mister-manuals/1991_Super%20Nintendo%20Entertainment%20System.zip/1991_Super%20Nintendo%20Entertainment%20System%2FHome%20Alone%202%20-%20Lost%20in%20New%20York.pdf,925091,bdfe4ce8eae1d95405da4cc236b6f34c,,,Home Alone 2 - Lost in New York.pdf
docs/SNES/Manuals/Home Improvement - Power Tool Pursuit!.pdf,https://archive.org/download/mister-manuals/1991_Super%20Nintendo%20Entertainment%20System.zip/1991_Super%20Nintendo%20Entertainment%20System%2FHome%20Improvement%20-%20Power%20Tool%20Pursuit%21.pdf,1457988,4cb5604161dffc08d8ecb1ccd423822a,,,Home Improvement - Power Tool Pursuit!.pdf
docs/SNES/Manuals/Hook.pdf,https://archive.org/download/mister-manuals/1991_Super%20Nintendo%20Entertainment%20System.zip/1991_Super%20Nintendo%20Entertainment%20System%2FHook.pdf,1847838,599a1239ee7ba5b6b4e1f7bcd7b54cb8,,,Hook.pdf
docs/SNES/Manuals/Hungry Dinosaurs.pdf,https://archive.org/download/mister-manuals/1991_Super%20Nintendo%20Entertainment%20System.zip/1991_Super%20Nintendo%20Entertainment%20System%2FHungry%20Dinosaurs.pdf,1316110,246af984fd01314b0c858e2174165899,,,Hungry Dinosaurs.pdf
"docs/SNES/Manuals/Hunt for Red October, The.pdf",https://archive.org/download/mister-manuals/1991_Super%20Nintendo%20Entertainment%20System.zip/1991_Super%20Nintendo%20Entertainment%20System%2FHunt%20for%20Red%20October%2C%20The.pdf,815416,a2407f4e0a33f274e51c04097e4661a4,,,"Hunt for Red October, The.pdf"
docs/SNES/Manuals/Hurricanes.pdf,https://archive.org/download/mister-manuals/1991_Super%20Nintendo%20Entertainment%20System.zip/1991_Super%20Nintendo%20Entertainment%20System%2FHurricanes.pdf,915470,b3ca43d6b1f99557ad43b2c581bd00db,,,Hurricanes.pdf
docs/SNES/Manuals/Hyper V-Ball.pdf,https://archive.org/download/mister-manuals/1991_Super%20Nintendo%20Entertainment%20System.zip/1991_Super%20Nintendo%20Entertainment%20System%2FHyper%20V-Ball.pdf,1194894,4d6452cf2c7a2ded07000b759104368f,,,Hyper V-Ball.pdf
docs/SNES/Manuals/HyperZone.pdf,https://archive.org/download/mister-manuals/1991_Super%20Nintendo%20Entertainment%20System.zip/1991_Super%20Nintendo%20Entertainment%20System%2FHyperZone.pdf,1132915,400e96c35020d3bd91fab90851a33ca4,,,HyperZone.pdf
"docs/SNES/Manuals/Ignition Factor, The.pdf",https://archive.org/download/mister-manuals/1991_Super%20Nintendo%20Entertainment%20System.zip/1991_Super%20Nintendo%20Entertainment%20System%2FIgnition%20Factor%2C%20The.pdf,1534679,f35eba027aeae920599aed0bb2f7fe3a,,,"Ignition Factor, The.pdf"
docs/SNES/Manuals/Illusion of Gaia.pdf,https://archive.org/download/mister-manuals/1991_Super%20Nintendo%20Entertainment%20System.zip/1991_Super%20Nintendo%20Entertainment%20System%2FIllusion%20of%20Gaia.pdf,9596068,9d9f7924dbb7d114e282eaaaa1303edb,,,Illusion of Gaia.pdf
docs/SNES/Manuals/Imperium.pdf,https://archive.org/download/mister-manuals/1991_Super%20Nintendo%20Entertainment%20System.zip/1991_Super%20Nintendo%20Entertainment%20System%2FImperium.pdf,925608,8596a5ed6e70fdbb1999837083c394c4,,,Imperium.pdf
docs/SNES/Manuals/Incantation.pdf,https://archive.org/download/mister-manuals/1991_Super%20Nintendo%20Entertainment%20System.zip/1991_Super%20Nintendo%20Entertainment%20System%2FIncantation.pdf,577934,ac18f235db779cc32b3b463efe6d3f0e,,,Incantation.pdf
"docs/SNES/Manuals/Incredible Crash Dummies, The.pdf",https://archive.org/download/mister-manuals/1991_Super%20Nintendo%20Entertainment%20System.zip/1991_Super%20Nintendo%20Entertainment%20System%2FIncredible%20Crash%20Dummies%2C%20The.pdf,2005654,ce88943c15be421f5f8cb2a1fcc156a1,,,"Incredible Crash Dummies, The.pdf"
"docs/SNES/Manuals/Incredible Hulk, The.pdf",https://archive.org/download/mister-manuals/1991_Super%20Nintendo%20Entertainment%20System.zip/1991_Super%20Nintendo%20Entertainment%20System%2FIncredible%20Hulk%2C%20The.pdf,2100543,6173fc4c3367a8c5396ab81c6b54fb6b,,,"Incredible Hulk, The.pdf"
docs/SNES/Manuals/Indiana Jones' Greatest Adventures.pdf,https://archive.org/download/mister-manuals/1991_Super%20Nintendo%20Entertainment%20System.zip/1991_Super%20Nintendo%20Entertainment%20System%2FIndiana%20Jones%27%20Greatest%20Adventures.pdf,1341931,0c4ed4fe12a2b07014ded0e3e5454b41,,,Indiana Jones' Greatest Adventures.pdf
docs/SNES/Manuals/Inindo - Way of the Ninja.pdf,https://archive.org/download/mister-manuals/1991_Super%20Nintendo%20Entertainment%20System.zip/1991_Super%20Nintendo%20Entertainment%20System%2FInindo%20-%20Way%20of%20the%20Ninja.pdf,5450901,38fee8e6798430acb63e6af9bd5b6433,,,Inindo - Way of the Ninja.pdf
docs/SNES/Manuals/Inspector Gadget.pdf,https://archive.org/download/mister-manuals/1991_Super%20Nintendo%20Entertainment%20System.zip/1991_Super%20Nintendo%20Entertainment%20System%2FInspector%20Gadget.pdf,1588604,9166525d4112c0f8e5d068b7dbfbf501,,,Inspector Gadget.pdf
docs/SNES/Manuals/International Sensible Soccer - World Champions.pdf,https://archive.org/download/mister-manuals/1991_Super%20Nintendo%20Entertainment%20System.zip/1991_Super%20Nintendo%20Entertainment%20System%2FInternational%20Sensible%20Soccer%20-%20World%20Champions.pdf,2994660,e9ffb4193b0bba4185615775ec642d0b,,,International Sensible Soccer - World Champions.pdf
docs/SNES/Manuals/International Superstar Soccer .pdf,https://archive.org/download/mister-manuals/1991_Super%20Nintendo%20Entertainment%20System.zip/1991_Super%20Nintendo%20Entertainment%20System%2FInternational%20Superstar%20Soccer%20.pdf,1721951,2628ede52b925ea5ebe05c4ea5498949,,,International Superstar Soccer .pdf
docs/SNES/Manuals/International Superstar Soccer Deluxe.pdf,https://archive.org/download/mister-manuals/1991_Super%20Nintendo%20Entertainment%20System.zip/1991_Super%20Nintendo%20Entertainment%20System%2FInternational%20Superstar%20Soccer%20Deluxe.pdf,1606196,203d7ab93e88e7d4a164ed248311fc0b,,,International Superstar Soccer Deluxe.pdf
docs/SNES/Manuals/International Tennis Tour.pdf,https://archive.org/download/mister-manuals/1991_Super%20Nintendo%20Entertainment%20System.zip/1991_Super%20Nintendo%20Entertainment%20System%2FInternational%20Tennis%20Tour.pdf,1391791,c62aa67cb077a27e0fb7f846d41ccaaf,,,International Tennis Tour.pdf
"docs/SNES/Manuals/Irem Skins Game, The.pdf",https://archive.org/download/mister-manuals/1991_Super%20Nintendo%20Entertainment%20System.zip/1991_Super%20Nintendo%20Entertainment%20System%2FIrem%20Skins%20Game%2C%20The.pdf,1456495,304d98a6c25cdd27ec7c8f5af2d7643b,,,"Irem Skins Game, The.pdf"
"docs/SNES/Manuals/Itchy & Scratchy Game, The.pdf",https://archive.org/download/mister-manuals/1991_Super%20Nintendo%20Entertainment%20System.zip/1991_Super%20Nintendo%20Entertainment%20System%2FItchy%20%26%20Scratchy%20Game%2C%20The.pdf,1480396,8f36c57105d067b49f8739fe4a3835a2,,,"Itchy & Scratchy Game, The.pdf"
docs/SNES/Manuals/Izzy's Quest for the Olympic Rings.pdf,https://archive.org/download/mister-manuals/1991_Super%20Nintendo%20Entertainment%20System.zip/1991_Super%20Nintendo%20Entertainment%20System%2FIzzy%27s%20Quest%20for%20the%20Olympic%20Rings.pdf,1002492,ba117b02b996e5dd71cac1340621eee9,,,Izzy's Quest for the Olympic Rings.pdf
docs/SNES/Manuals/J.R.R. Tolkien's The Lord of the Rings - Volume 1.pdf,https://archive.org/download/mister-manuals/1991_Super%20Nintendo%20Entertainment%20System.zip/1991_Super%20Nintendo%20Entertainment%20System%2FJ.R.R.%20Tolkien%27s%20The%20Lord%20of%20the%20Rings%20-%20Volume%201.pdf,1776764,a05e0d60abd4fef89f3e9c92743067c5,,,J.R.R. Tolkien's The Lord of the Rings - Volume 1.pdf
docs/SNES/Manuals/Jack Nicklaus Golf.pdf,https://archive.org/download/mister-manuals/1991_Super%20Nintendo%20Entertainment%20System.zip/1991_Super%20Nintendo%20Entertainment%20System%2FJack%20Nicklaus%20Golf.pdf,1508414,360239899d072ffb90b7c1bb3418a68c,,,Jack Nicklaus Golf.pdf
docs/SNES/Manuals/James Bond Jr..pdf,https://archive.org/download/mister-manuals/1991_Super%20Nintendo%20Entertainment%20System.zip/1991_Super%20Nintendo%20Entertainment%20System%2FJames%20Bond%20Jr..pdf,833864,03272b24d50de811a7ff321b724987ea,,,James Bond Jr..pdf
docs/SNES/Manuals/James Pond 3 - Operation Starfish.pdf,https://archive.org/download/mister-manuals/1991_Super%20Nintendo%20Entertainment%20System.zip/1991_Super%20Nintendo%20Entertainment%20System%2FJames%20Pond%203%20-%20Operation%20Starfish.pdf,1935373,c397b42a08bcfc64a541c303971195dc,,,James Pond 3 - Operation Starfish.pdf
docs/SNES/Manuals/Jammit.pdf,https://archive.org/download/mister-manuals/1991_Super%20Nintendo%20Entertainment%20System.zip/1991_Super%20Nintendo%20Entertainment%20System%2FJammit.pdf,1474296,3e3e32dcb3c229a14bc60c3e423500e7,,,Jammit.pdf
docs/SNES/Manuals/Jelly Boy.pdf,https://archive.org/download/mister-manuals/1991_Super%20Nintendo%20Entertainment%20System.zip/1991_Super%20Nintendo%20Entertainment%20System%2FJelly%20Boy.pdf,2397065,9c7bef952d3a18f07e1a18e7b33529a8,,,Jelly Boy.pdf
docs/SNES/Manuals/Jeopardy! - Deluxe Edition.pdf,https://archive.org/download/mister-manuals/1991_Super%20Nintendo%20Entertainment%20System.zip/1991_Super%20Nintendo%20Entertainment%20System%2FJeopardy%21%20-%20Deluxe%20Edition.pdf,1187272,3da61bf0341ef6f8521bbfcde2c5894e,,,Jeopardy! - Deluxe Edition.pdf
docs/SNES/Manuals/Jeopardy! - Sports Edition.pdf,https://archive.org/download/mister-manuals/1991_Super%20Nintendo%20Entertainment%20System.zip/1991_Super%20Nintendo%20Entertainment%20System%2FJeopardy%21%20-%20Sports%20Edition.pdf,1218801,f7b7ea79ce852451f2d8bf476dc4d34c,,,Jeopardy! - Sports Edition.pdf
docs/SNES/Manuals/Jeopardy! .pdf,https://archive.org/download/mister-manuals/1991_Super%20Nintendo%20Entertainment%20System.zip/1991_Super%20Nintendo%20Entertainment%20System%2FJeopardy%21%20.pdf,1061590,92b7bb637ef668595b01318ad1298bb0,,,Jeopardy! .pdf
"docs/SNES/Manuals/Jetsons, The - Invasion of the Planet Pirates.pdf",https://archive.org/download/mister-manuals/1991_Super%20Nintendo%20Entertainment%20System.zip/1991_Super%20Nintendo%20Entertainment%20System%2FJetsons%2C%20The%20-%20Invasion%20of%20the%20Planet%20Pirates.pdf,786208,8d5a21ea0a5e3186e5f71971aeb36ef2,,,"Jetsons, The - Invasion of the Planet Pirates.pdf"
docs/SNES/Manuals/Jim Power - The Lost Dimension in 3D.pdf,https://archive.org/download/mister-manuals/1991_Super%20Nintendo%20Entertainment%20System.zip/1991_Super%20Nintendo%20Entertainment%20System%2FJim%20Power%20-%20The%20Lost%20Dimension%20in%203D.pdf,1835349,da056fdb8d6bd001de46c6b4e97bc7f5,,,Jim Power - The Lost Dimension in 3D.pdf
docs/SNES/Manuals/Jimmy Connors Pro Tennis Tour.pdf,https://archive.org/download/mister-manuals/1991_Super%20Nintendo%20Entertainment%20System.zip/1991_Super%20Nintendo%20Entertainment%20System%2FJimmy%20Connors%20Pro%20Tennis%20Tour.pdf,1831614,79f8b33f19412053bcedcb7a36299e95,,,Jimmy Connors Pro Tennis Tour.pdf
docs/SNES/Manuals/Jimmy Houston's Bass Tournament U.S.A..pdf,https://archive.org/download/mister-manuals/1991_Super%20Nintendo%20Entertainment%20System.zip/1991_Super%20Nintendo%20Entertainment%20System%2FJimmy%20Houston%27s%20Bass%20Tournament%20U.S.A..pdf,2574216,379d88c3e3470f80578088cdabf40a87,,,Jimmy Houston's Bass Tournament U.S.A..pdf
docs/SNES/Manuals/Joe & Mac .pdf,https://archive.org/download/mister-manuals/1991_Super%20Nintendo%20Entertainment%20System.zip/1991_Super%20Nintendo%20Entertainment%20System%2FJoe%20%26%20Mac%20.pdf,835299,3bdb5169a51ba571dad34e98572c32f0,,,Joe & Mac .pdf
docs/SNES/Manuals/Joe & Mac 2 - Lost in the Tropics.pdf,https://archive.org/download/mister-manuals/1991_Super%20Nintendo%20Entertainment%20System.zip/1991_Super%20Nintendo%20Entertainment%20System%2FJoe%20%26%20Mac%202%20-%20Lost%20in%20the%20Tropics.pdf,804884,dae9a1df30c9bc1ba5c108a013fe2d2a,,,Joe & Mac 2 - Lost in the Tropics.pdf
docs/SNES/Manuals/John Madden Football '93.pdf,https://archive.org/download/mister-manuals/1991_Super%20Nintendo%20Entertainment%20System.zip/1991_Super%20Nintendo%20Entertainment%20System%2FJohn%20Madden%20Football%20%2793.pdf,2582364,73d06fd66cd4af1f82764d435be8ffa5,,,John Madden Football '93.pdf
docs/SNES/Manuals/John Madden Football .pdf,https://archive.org/download/mister-manuals/1991_Super%20Nintendo%20Entertainment%20System.zip/1991_Super%20Nintendo%20Entertainment%20System%2FJohn%20Madden%20Football%20.pdf,2190580,45fd054abe8a0fc7655abd272b9b4931,,,John Madden Football .pdf
docs/SNES/Manuals/Judge Dredd.pdf,https://archive.org/download/mister-manuals/1991_Super%20Nintendo%20Entertainment%20System.zip/1991_Super%20Nintendo%20Entertainment%20System%2FJudge%20Dredd.pdf,1687885,a80e907fb41e78b0d7cf6bf6b4a558ee,,,Judge Dredd.pdf
"docs/SNES/Manuals/Jungle Book, The.pdf",https://archive.org/download/mister-manuals/1991_Super%20Nintendo%20Entertainment%20System.zip/1991_Super%20Nintendo%20Entertainment%20System%2FJungle%20Book%2C%20The.pdf,2285150,7de122a5c7505e468fd112f0bb9fc7c2,,,"Jungle Book, The.pdf"
docs/SNES/Manuals/Jungle Strike.pdf,https://archive.org/download/mister-manuals/1991_Super%20Nintendo%20Entertainment%20System.zip/1991_Super%20Nintendo%20Entertainment%20System%2FJungle%20Strike.pdf,1142164,17f508bd98ac9926ea2438949aba1af1,,,Jungle Strike.pdf
docs/SNES/Manuals/Jurassic Park .pdf,https://archive.org/download/mister-manuals/1991_Super%20Nintendo%20Entertainment%20System.zip/1991_Super%20Nintendo%20Entertainment%20System%2FJurassic%20Park%20.pdf,2600785,ae90b51f1c1da37a4e83b5fcee82b31a,,,Jurassic Park .pdf
docs/SNES/Manuals/Jurassic Park Part 2 - The Chaos Continues.pdf,https://archive.org/download/mister-manuals/1991_Super%20Nintendo%20Entertainment%20System.zip/1991_Super%20Nintendo%20Entertainment%20System%2FJurassic%20Park%20Part%202%20-%20The%20Chaos%20Continues.pdf,2017514,12c9b3086d2a43df6074543f22a757d2,,,Jurassic Park Part 2 - The Chaos Continues.pdf
docs/SNES/Manuals/Justice League - Task Force.pdf,https://archive.org/download/mister-manuals/1991_Super%20Nintendo%20Entertainment%20System.zip/1991_Super%20Nintendo%20Entertainment%20System%2FJustice%20League%20-%20Task%20Force.pdf,2150107,2707e7ef2fb5850c103315c5b201700a,,,Justice League - Task Force.pdf
docs/SNES/Manuals/Ka-Blooey.pdf,https://archive.org/download/mister-manuals/1991_Super%20Nintendo%20Entertainment%20System.zip/1991_Super%20Nintendo%20Entertainment%20System%2FKa-Blooey.pdf,1108847,625f048dba0788c1555697734d43fd6d,,,Ka-Blooey.pdf
docs/SNES/Manuals/Kawasaki Caribbean Challenge.pdf,https://archive.org/download/mister-manuals/1991_Super%20Nintendo%20Entertainment%20System.zip/1991_Super%20Nintendo%20Entertainment%20System%2FKawasaki%20Caribbean%20Challenge.pdf,1568054,2c9c1cc3e4afcfb436686361565794d2,,,Kawasaki Caribbean Challenge.pdf
docs/SNES/Manuals/Kawasaki Superbike Challenge.pdf,https://archive.org/download/mister-manuals/1991_Super%20Nintendo%20Entertainment%20System.zip/1991_Super%20Nintendo%20Entertainment%20System%2FKawasaki%20Superbike%20Challenge.pdf,1717595,10fb55805857049d5727c82ea0d6b7fa,,,Kawasaki Superbike Challenge.pdf
docs/SNES/Manuals/Ken Griffey Jr. presents Major League Baseball.pdf,https://archive.org/download/mister-manuals/1991_Super%20Nintendo%20Entertainment%20System.zip/1991_Super%20Nintendo%20Entertainment%20System%2FKen%20Griffey%20Jr.%20presents%20Major%20League%20Baseball.pdf,3398688,13d8ce0333cbdc6f9fd730299afc32b7,,,Ken Griffey Jr. presents Major League Baseball.pdf
docs/SNES/Manuals/Ken Griffey Jr.'s Winning Run.pdf,https://archive.org/download/mister-manuals/1991_Super%20Nintendo%20Entertainment%20System.zip/1991_Super%20Nintendo%20Entertainment%20System%2FKen%20Griffey%20Jr.%27s%20Winning%20Run.pdf,2096341,663114b8d3c69454cee9c5459542bffe,,,Ken Griffey Jr.'s Winning Run.pdf
docs/SNES/Manuals/Kendo Rage.pdf,https://archive.org/download/mister-manuals/1991_Super%20Nintendo%20Entertainment%20System.zip/1991_Super%20Nintendo%20Entertainment%20System%2FKendo%20Rage.pdf,1213418,b3af43305001f496709b717322639296,,,Kendo Rage.pdf
docs/SNES/Manuals/Kevin Keegan's Player Manager.pdf,https://archive.org/download/mister-manuals/1991_Super%20Nintendo%20Entertainment%20System.zip/1991_Super%20Nintendo%20Entertainment%20System%2FKevin%20Keegan%27s%20Player%20Manager.pdf,3410189,604e16c0356b4c40227624b70c3b6764,,,Kevin Keegan's Player Manager.pdf
docs/SNES/Manuals/Kick Off .pdf,https://archive.org/download/mister-manuals/1991_Super%20Nintendo%20Entertainment%20System.zip/1991_Super%20Nintendo%20Entertainment%20System%2FKick%20Off%20.pdf,2640695,96c257cfb23d74bbbcf29ee121dcec57,,,Kick Off .pdf
docs/SNES/Manuals/Kick Off 3 - European Challenge.pdf,https://archive.org/download/mister-manuals/1991_Super%20Nintendo%20Entertainment%20System.zip/1991_Super%20Nintendo%20Entertainment%20System%2FKick%20Off%203%20-%20European%20Challenge.pdf,1944568,f1f7fff137d54580575ba03ace8f89c4,,,Kick Off 3 - European Challenge.pdf
docs/SNES/Manuals/Kid Klown in Crazy Chase.pdf,https://archive.org/download/mister-manuals/1991_Super%20Nintendo%20Entertainment%20System.zip/1991_Super%20Nintendo%20Entertainment%20System%2FKid%20Klown%20in%20Crazy%20Chase.pdf,1791277,3ea4c7ba9524da7a1b156cf19ebb5cfe,,,Kid Klown in Crazy Chase.pdf
docs/SNES/Manuals/Killer Instinct.pdf,https://archive.org/download/mister-manuals/1991_Super%20Nintendo%20Entertainment%20System.zip/1991_Super%20Nintendo%20Entertainment%20System%2FKiller%20Instinct.pdf,2993767,8d6fe0c123c4d8465ed19bde4b0856cd,,,Killer Instinct.pdf
docs/SNES/Manuals/King Arthur & the Knights of Justice.pdf,https://archive.org/download/mister-manuals/1991_Super%20Nintendo%20Entertainment%20System.zip/1991_Super%20Nintendo%20Entertainment%20System%2FKing%20Arthur%20%26%20the%20Knights%20of%20Justice.pdf,1791714,3456bb712cd5ef758d332cd1b4fe24c2,,,King Arthur & the Knights of Justice.pdf
docs/SNES/Manuals/King Arthur's World.pdf,https://archive.org/download/mister-manuals/1991_Super%20Nintendo%20Entertainment%20System.zip/1991_Super%20Nintendo%20Entertainment%20System%2FKing%20Arthur%27s%20World.pdf,3349806,73539e6160a1c14fdcbae84fc7f0f606,,,King Arthur's World.pdf
"docs/SNES/Manuals/King of Dragons, The.pdf",https://archive.org/download/mister-manuals/1991_Super%20Nintendo%20Entertainment%20System.zip/1991_Super%20Nintendo%20Entertainment%20System%2FKing%20of%20Dragons%2C%20The.pdf,870071,a0d911e9a5dda849efcd10287acc0ca4,,,"King of Dragons, The.pdf"
docs/SNES/Manuals/King of the Monsters .pdf,https://archive.org/download/mister-manuals/1991_Super%20Nintendo%20Entertainment%20System.zip/1991_Super%20Nintendo%20Entertainment%20System%2FKing%20of%20the%20Monsters%20.pdf,1631293,9123790a1e6408937ab7e773477226b3,,,King of the Monsters .pdf
docs/SNES/Manuals/King of the Monsters 2.pdf,https://archive.org/download/mister-manuals/1991_Super%20Nintendo%20Entertainment%20System.zip/1991_Super%20Nintendo%20Entertainment%20System%2FKing%20of%20the%20Monsters%202.pdf,2313903,11a09fdf05b5d26acbe6cd17c9f1e37f,,,King of the Monsters 2.pdf
docs/SNES/Manuals/Kirby Super Star.pdf,https://archive.org/download/mister-manuals/1991_Super%20Nintendo%20Entertainment%20System.zip/1991_Super%20Nintendo%20Entertainment%20System%2FKirby%20Super%20Star.pdf,2673716,44fcfa6309e3068c07edc9eb46b0cf47,,,Kirby Super Star.pdf
docs/SNES/Manuals/Kirby's Avalanche.pdf,https://archive.org/download/mister-manuals/1991_Super%20Nintendo%20Entertainment%20System.zip/1991_Super%20Nintendo%20Entertainment%20System%2FKirby%27s%20Avalanche.pdf,1772741,cb6c5d8912be626f2a781dd78568efe2,,,Kirby's Avalanche.pdf
docs/SNES/Manuals/Kirby's Dream Course.pdf,https://archive.org/download/mister-manuals/1991_Super%20Nintendo%20Entertainment%20System.zip/1991_Super%20Nintendo%20Entertainment%20System%2FKirby%27s%20Dream%20Course.pdf,3610299,0877ac24cd29c521df75e15421432bd6,,,Kirby's Dream Course.pdf
docs/SNES/Manuals/Kirby's Dream Land 3.pdf,https://archive.org/download/mister-manuals/1991_Super%20Nintendo%20Entertainment%20System.zip/1991_Super%20Nintendo%20Entertainment%20System%2FKirby%27s%20Dream%20Land%203.pdf,2689076,bd18f8ee1385d8c0d7ec08f593aaf7bc,,,Kirby's Dream Land 3.pdf
docs/SNES/Manuals/Knights of the Round.pdf,https://archive.org/download/mister-manuals/1991_Super%20Nintendo%20Entertainment%20System.zip/1991_Super%20Nintendo%20Entertainment%20System%2FKnights%20of%20the%20Round.pdf,875320,09ee36c13dcf6d840019262e9a1281e4,,,Knights of the Round.pdf
docs/SNES/Manuals/Krusty's Super Fun House.pdf,https://archive.org/download/mister-manuals/1991_Super%20Nintendo%20Entertainment%20System.zip/1991_Super%20Nintendo%20Entertainment%20System%2FKrusty%27s%20Super%20Fun%20House.pdf,1805042,a8b598cc5805d5421056decaf3b5d6ef,,,Krusty's Super Fun House.pdf
docs/SNES/Manuals/Kyle Petty's No Fear Racing.pdf,https://archive.org/download/mister-manuals/1991_Super%20Nintendo%20Entertainment%20System.zip/1991_Super%20Nintendo%20Entertainment%20System%2FKyle%20Petty%27s%20No%20Fear%20Racing.pdf,3093245,d2302c247261952deef5681e941ef3b6,,,Kyle Petty's No Fear Racing.pdf
docs/SNES/Manuals/Lagoon.pdf,https://archive.org/download/mister-manuals/1991_Super%20Nintendo%20Entertainment%20System.zip/1991_Super%20Nintendo%20Entertainment%20System%2FLagoon.pdf,1482558,d961553c453e023917e6b95ad6dfad07,,,Lagoon.pdf
docs/SNES/Manuals/Lamborghini - American Challenge.pdf,https://archive.org/download/mister-manuals/1991_Super%20Nintendo%20Entertainment%20System.zip/1991_Super%20Nintendo%20Entertainment%20System%2FLamborghini%20-%20American%20Challenge.pdf,1326879,60d141af586685c4d1b8b99e5068a799,,,Lamborghini - American Challenge.pdf
docs/SNES/Manuals/Last Action Hero.pdf,https://archive.org/download/mister-manuals/1991_Super%20Nintendo%20Entertainment%20System.zip/1991_Super%20Nintendo%20Entertainment%20System%2FLast%20Action%20Hero.pdf,859076,dfe5e11801ae1b010ea5a73ea799cd14,,,Last Action Hero.pdf
"docs/SNES/Manuals/Lawnmower Man, The.pdf",https://archive.org/download/mister-manuals/1991_Super%20Nintendo%20Entertainment%20System.zip/1991_Super%20Nintendo%20Entertainment%20System%2FLawnmower%20Man%2C%20The.pdf,1791694,0d630827533130cb78f5b1216fb06ab4,,,"Lawnmower Man, The.pdf"
docs/SNES/Manuals/Legend .pdf,https://archive.org/download/mister-manuals/1991_Super%20Nintendo%20Entertainment%20System.zip/1991_Super%20Nintendo%20Entertainment%20System%2FLegend%20.pdf,935656,6cc1cae6bca6a51c186f8446c7a3c397,,,Legend .pdf
"docs/SNES/Manuals/Legend of Zelda, The - A Link to the Past.pdf",https://archive.org/download/mister-manuals/1991_Super%20Nintendo%20Entertainment%20System.zip/1991_Super%20Nintendo%20Entertainment%20System%2FLegend%20of%20Zelda%2C%20The%20-%20A%20Link%20to%20the%20Past.pdf,5966601,855bc75e41d0cd898416629aee73bdec,,,"Legend of Zelda, The - A Link to the Past.pdf"
"docs/SNES/Manuals/Legend of the Mystical Ninja, The.pdf",https://archive.org/download/mister-manuals/1991_Super%20Nintendo%20Entertainment%20System.zip/1991_Super%20Nintendo%20Entertainment%20System%2FLegend%20of%20the%20Mystical%20Ninja%2C%20The.pdf,1784045,03a3084f9cab5612f2b8c48ff31276ce,,,"Legend of the Mystical Ninja, The.pdf"
docs/SNES/Manuals/Lemmings .pdf,https://archive.org/download/mister-manuals/1991_Super%20Nintendo%20Entertainment%20System.zip/1991_Super%20Nintendo%20Entertainment%20System%2FLemmings%20.pdf,1957661,bf06ffe1b105f4362a606e9b8f3dc102,,,Lemmings .pdf
docs/SNES/Manuals/Lemmings 2 - The Tribes.pdf,https://archive.org/download/mister-manuals/1991_Super%20Nintendo%20Entertainment%20System.zip/1991_Super%20Nintendo%20Entertainment%20System%2FLemmings%202%20-%20The%20Tribes.pdf,1478066,e8289132ac92f45488d921f5e1033ee4,,,Lemmings 2 - The Tribes.pdf
docs/SNES/Manuals/Lester the Unlikely.pdf,https://archive.org/download/mister-manuals/1991_Super%20Nintendo%20Entertainment%20System.zip/1991_Super%20Nintendo%20Entertainment%20System%2FLester%20the%20Unlikely.pdf,2245588,55fd1c1d4a4318995e8810acdb551f78,,,Lester the Unlikely.pdf
docs/SNES/Manuals/Lethal Enforcers.pdf,https://archive.org/download/mister-manuals/1991_Super%20Nintendo%20Entertainment%20System.zip/1991_Super%20Nintendo%20Entertainment%20System%2FLethal%20Enforcers.pdf,1910295,79892c372fec93765a5168584fb4e5b0,,,Lethal Enforcers.pdf
docs/SNES/Manuals/Lethal Weapon.pdf,https://archive.org/download/mister-manuals/1991_Super%20Nintendo%20Entertainment%20System.zip/1991_Super%20Nintendo%20Entertainment%20System%2FLethal%20Weapon.pdf,838790,d17a74e8b46107e675c68984e61a47b9,,,Lethal Weapon.pdf
docs/SNES/Manuals/Liberty or Death.pdf,https://archive.org/download/mister-manuals/1991_Super%20Nintendo%20Entertainment%20System.zip/1991_Super%20Nintendo%20Entertainment%20System%2FLiberty%20or%20Death.pdf,6437984,2f0e348f92dcba97fcc5e6ab15ffe70c,,,Liberty or Death.pdf
"docs/SNES/Manuals/Lion King, The.pdf",https://archive.org/download/mister-manuals/1991_Super%20Nintendo%20Entertainment%20System.zip/1991_Super%20Nintendo%20Entertainment%20System%2FLion%20King%2C%20The.pdf,1259545,5d227bac44e9049bbc309190788f9622,,,"Lion King, The.pdf"
docs/SNES/Manuals/Lock On.pdf,https://archive.org/download/mister-manuals/1991_Super%20Nintendo%20Entertainment%20System.zip/1991_Super%20Nintendo%20Entertainment%20System%2FLock%20On.pdf,966630,ad5d176c68c9975b9a9d197d60dd7604,,,Lock On.pdf
docs/SNES/Manuals/Looney Tunes B-Ball.pdf,https://archive.org/download/mister-manuals/1991_Super%20Nintendo%20Entertainment%20System.zip/1991_Super%20Nintendo%20Entertainment%20System%2FLooney%20Tunes%20B-Ball.pdf,2338835,8a1324127d4353dcb9584024b83c9e50,,,Looney Tunes B-Ball.pdf
docs/SNES/Manuals/Lost Vikings 2.pdf,https://archive.org/download/mister-manuals/1991_Super%20Nintendo%20Entertainment%20System.zip/1991_Super%20Nintendo%20Entertainment%20System%2FLost%20Vikings%202.pdf,2004333,f6899594ad74ee44673ff4f70744fd6f,,,Lost Vikings 2.pdf
"docs/SNES/Manuals/Lost Vikings, The.pdf",https://archive.org/download/mister-manuals/1991_Super%20Nintendo%20Entertainment%20System.zip/1991_Super%20Nintendo%20Entertainment%20System%2FLost%20Vikings%2C%20The.pdf,1727684,eacd03cd9bd2c0ec8aff8457cc35a524,,,"Lost Vikings, The.pdf"
docs/SNES/Manuals/Lufia & the Fortress of Doom.pdf,https://archive.org/download/mister-manuals/1991_Super%20Nintendo%20Entertainment%20System.zip/1991_Super%20Nintendo%20Entertainment%20System%2FLufia%20%26%20the%20Fortress%20of%20Doom.pdf,5883839,ca2c7c47557483f57518007f3d652634,,,Lufia & the Fortress of Doom.pdf
docs/SNES/Manuals/Lufia II - Rise of the Sinistrals.pdf,https://archive.org/download/mister-manuals/1991_Super%20Nintendo%20Entertainment%20System.zip/1991_Super%20Nintendo%20Entertainment%20System%2FLufia%20II%20-%20Rise%20of%20the%20Sinistrals.pdf,3600309,21cf876b8d4daa4fc3bdd4e93e296715,,,Lufia II - Rise of the Sinistrals.pdf
docs/SNES/Manuals/M.A.C.S. Basic Rifle Marksmanship.pdf,https://archive.org/download/mister-manuals/1991_Super%20Nintendo%20Entertainment%20System.zip/1991_Super%20Nintendo%20Entertainment%20System%2FM.A.C.S.%20Basic%20Rifle%20Marksmanship.pdf,3137737,67c2495a84e0644786aec82eebdde9d4,,,M.A.C.S. Basic Rifle Marksmanship.pdf
docs/SNES/Manuals/MLBPA Baseball.pdf,https://archive.org/download/mister-manuals/1991_Super%20Nintendo%20Entertainment%20System.zip/1991_Super%20Nintendo%20Entertainment%20System%2FMLBPA%20Baseball.pdf,3077908,b8ae41c4e97e4f0a5ee207308a7052ee,,,MLBPA Baseball.pdf
docs/SNES/Manuals/Madden NFL '94.pdf,https://archive.org/download/mister-manuals/1991_Super%20Nintendo%20Entertainment%20System.zip/1991_Super%20Nintendo%20Entertainment%20System%2FMadden%20NFL%20%2794.pdf,5418616,a97bb2244970bd0715dbd778dcbae898,,,Madden NFL '94.pdf
docs/SNES/Manuals/Madden NFL 95.pdf,https://archive.org/download/mister-manuals/1991_Super%20Nintendo%20Entertainment%20System.zip/1991_Super%20Nintendo%20Entertainment%20System%2FMadden%20NFL%2095.pdf,5017334,6b69ebbf2a09dac4b76c2e0be914164a,,,Madden NFL 95.pdf
docs/SNES/Manuals/Madden NFL 96.pdf,https://archive.org/download/mister-manuals/1991_Super%20Nintendo%20Entertainment%20System.zip/1991_Super%20Nintendo%20Entertainment%20System%2FMadden%20NFL%2096.pdf,5480823,c6d02dc750dc8cfbcfb10f870c0a6a70,,,Madden NFL 96.pdf
docs/SNES/Manuals/Madden NFL 97.pdf,https://archive.org/download/mister-manuals/1991_Super%20Nintendo%20Entertainment%20System.zip/1991_Super%20Nintendo%20Entertainment%20System%2FMadden%20NFL%2097.pdf,2889807,72f9be6e0185581c4688ff6d6df2ba8b,,,Madden NFL 97.pdf
docs/SNES/Manuals/Madden NFL 98.pdf,https://archive.org/download/mister-manuals/1991_Super%20Nintendo%20Entertainment%20System.zip/1991_Super%20Nintendo%20Entertainment%20System%2FMadden%20NFL%2098.pdf,2708781,10dc63ff3834b07faaa385259415ec92,,,Madden NFL 98.pdf
docs/SNES/Manuals/Magic Boy.pdf,https://archive.org/download/mister-manuals/1991_Super%20Nintendo%20Entertainment%20System.zip/1991_Super%20Nintendo%20Entertainment%20System%2FMagic%20Boy.pdf,741995,8c7da5afecc9d15ccd4856a0acd8cd0d,,,Magic Boy.pdf
docs/SNES/Manuals/Magic Sword.pdf,https://archive.org/download/mister-manuals/1991_Super%20Nintendo%20Entertainment%20System.zip/1991_Super%20Nintendo%20Entertainment%20System%2FMagic%20Sword.pdf,1027593,d7adf84f2898c40ffc338d9a4ed3043c,,,Magic Sword.pdf
"docs/SNES/Manuals/Magical Quest starring Mickey Mouse, The.pdf",https://archive.org/download/mister-manuals/1991_Super%20Nintendo%20Entertainment%20System.zip/1991_Super%20Nintendo%20Entertainment%20System%2FMagical%20Quest%20starring%20Mickey%20Mouse%2C%20The.pdf,1071356,52cfab8d8c242d675b73daf270a10427,,,"Magical Quest starring Mickey Mouse, The.pdf"
docs/SNES/Manuals/Manchester United Championship Soccer.pdf,https://archive.org/download/mister-manuals/1991_Super%20Nintendo%20Entertainment%20System.zip/1991_Super%20Nintendo%20Entertainment%20System%2FManchester%20United%20Championship%20Soccer.pdf,1647797,9d0d8ca76aac2aa9568d566b609e4d7d,,,Manchester United Championship Soccer.pdf
docs/SNES/Manuals/Mario Paint.pdf,https://archive.org/download/mister-manuals/1991_Super%20Nintendo%20Entertainment%20System.zip/1991_Super%20Nintendo%20Entertainment%20System%2FMario%20Paint.pdf,2359277,774eec97e2ccc21c62fb82247f199142,,,Mario Paint.pdf
docs/SNES/Manuals/Mario is Missing!.pdf,https://archive.org/download/mister-manuals/1991_Super%20Nintendo%20Entertainment%20System.zip/1991_Super%20Nintendo%20Entertainment%20System%2FMario%20is%20Missing%21.pdf,919655,f14ccc2ac90e333c44ac0ceaf4e182fe,,,Mario is Missing!.pdf
docs/SNES/Manuals/Mario's Early Years - Fun with Letters.pdf,https://archive.org/download/mister-manuals/1991_Super%20Nintendo%20Entertainment%20System.zip/1991_Super%20Nintendo%20Entertainment%20System%2FMario%27s%20Early%20Years%20-%20Fun%20with%20Letters.pdf,2238286,b8273871f6cdc81fd38719c963e845db,,,Mario's Early Years - Fun with Letters.pdf
docs/SNES/Manuals/Mario's Early Years - Fun with Numbers.pdf,https://archive.org/download/mister-manuals/1991_Super%20Nintendo%20Entertainment%20System.zip/1991_Super%20Nintendo%20Entertainment%20System%2FMario%27s%20Early%20Years%20-%20Fun%20with%20Numbers.pdf,2310165,0e92b2abebcbd6ef4f1891a444a44a3f,,,Mario's Early Years - Fun with Numbers.pdf
docs/SNES/Manuals/Mario's Early Years - Preschool Fun.pdf,https://archive.org/download/mister-manuals/1991_Super%20Nintendo%20Entertainment%20System.zip/1991_Super%20Nintendo%20Entertainment%20System%2FMario%27s%20Early%20Years%20-%20Preschool%20Fun.pdf,2004656,188bba8c6d186968eb7373e9b642cc0c,,,Mario's Early Years - Preschool Fun.pdf
docs/SNES/Manuals/Mario's Time Machine.pdf,https://archive.org/download/mister-manuals/1991_Super%20Nintendo%20Entertainment%20System.zip/1991_Super%20Nintendo%20Entertainment%20System%2FMario%27s%20Time%20Machine.pdf,833105,b1bce7870ace709f9765fc8109de20de,,,Mario's Time Machine.pdf
docs/SNES/Manuals/Mark Davis' The Fishing Master.pdf,https://archive.org/download/mister-manuals/1991_Super%20Nintendo%20Entertainment%20System.zip/1991_Super%20Nintendo%20Entertainment%20System%2FMark%20Davis%27%20The%20Fishing%20Master.pdf,1658491,0374d6000cf3506367a8883a83efb5ef,,,Mark Davis' The Fishing Master.pdf
docs/SNES/Manuals/Marko's Magic Football.pdf,https://archive.org/download/mister-manuals/1991_Super%20Nintendo%20Entertainment%20System.zip/1991_Super%20Nintendo%20Entertainment%20System%2FMarko%27s%20Magic%20Football.pdf,1463672,8f833078bd53e0a88a86ef93b8e3a191,,,Marko's Magic Football.pdf
docs/SNES/Manuals/Marvel Super Heroes in War of the Gems.pdf,https://archive.org/download/mister-manuals/1991_Super%20Nintendo%20Entertainment%20System.zip/1991_Super%20Nintendo%20Entertainment%20System%2FMarvel%20Super%20Heroes%20in%20War%20of%20the%20Gems.pdf,1543042,be5917cb17068b7876c6c7936209944d,,,Marvel Super Heroes in War of the Gems.pdf
docs/SNES/Manuals/Mary Shelley's Frankenstein.pdf,https://archive.org/download/mister-manuals/1991_Super%20Nintendo%20Entertainment%20System.zip/1991_Super%20Nintendo%20Entertainment%20System%2FMary%20Shelley%27s%20Frankenstein.pdf,1137010,2453fcca2249446e4dcf7f0ec18e875b,,,Mary Shelley's Frankenstein.pdf
"docs/SNES/Manuals/Mask, The.pdf",https://archive.org/download/mister-manuals/1991_Super%20Nintendo%20Entertainment%20System.zip/1991_Super%20Nintendo%20Entertainment%20System%2FMask%2C%20The.pdf,1896051,a38cbc27ce60001a715dbcef85a3341e,,,"Mask, The.pdf"
docs/SNES/Manuals/Math Blaster - Episode 1.pdf,https://archive.org/download/mister-manuals/1991_Super%20Nintendo%20Entertainment%20System.zip/1991_Super%20Nintendo%20Entertainment%20System%2FMath%20Blaster%20-%20Episode%201.pdf,865959,f80cae868f9c28587098749fd3012ce5,,,Math Blaster - Episode 1.pdf
docs/SNES/Manuals/Maui Mallard in Cold Shadow.pdf,https://archive.org/download/mister-manuals/1991_Super%20Nintendo%20Entertainment%20System.zip/1991_Super%20Nintendo%20Entertainment%20System%2FMaui%20Mallard%20in%20Cold%20Shadow.pdf,2788602,e36cff63a282c30b61ab4e0b68e741a0,,,Maui Mallard in Cold Shadow.pdf
docs/SNES/Manuals/Mecarobot Golf.pdf,https://archive.org/download/mister-manuals/1991_Super%20Nintendo%20Entertainment%20System.zip/1991_Super%20Nintendo%20Entertainment%20System%2FMecarobot%20Golf.pdf,2189062,b20c9bd30ba0129b6a53349c33bccfaf,,,Mecarobot Golf.pdf
docs/SNES/Manuals/MechWarrior .pdf,https://archive.org/download/mister-manuals/1991_Super%20Nintendo%20Entertainment%20System.zip/1991_Super%20Nintendo%20Entertainment%20System%2FMechWarrior%20.pdf,2734578,22306df6dcdd75c3a5d69931f8d7ebd5,,,MechWarrior .pdf
docs/SNES/Manuals/MechWarrior 3050.pdf,https://archive.org/download/mister-manuals/1991_Super%20Nintendo%20Entertainment%20System.zip/1991_Super%20Nintendo%20Entertainment%20System%2FMechWarrior%203050.pdf,1751857,9febd9f910b7dd1cadefec2b033cdd77,,,MechWarrior 3050.pdf
docs/SNES/Manuals/Mega Man 7.pdf,https://archive.org/download/mister-manuals/1991_Super%20Nintendo%20Entertainment%20System.zip/1991_Super%20Nintendo%20Entertainment%20System%2FMega%20Man%207.pdf,1241875,3e5a96644f3760faeef3eeefd627b464,,,Mega Man 7.pdf
docs/SNES/Manuals/Mega Man Soccer.pdf,https://archive.org/download/mister-manuals/1991_Super%20Nintendo%20Entertainment%20System.zip/1991_Super%20Nintendo%20Entertainment%20System%2FMega%20Man%20Soccer.pdf,1248480,cdaf58929a054a3cbc824b59bbd0f4d3,,,Mega Man Soccer.pdf
docs/SNES/Manuals/Mega Man X .pdf,https://archive.org/download/mister-manuals/1991_Super%20Nintendo%20Entertainment%20System.zip/1991_Super%20Nintendo%20Entertainment%20System%2FMega%20Man%20X%20.pdf,1328709,3e385ec8f0cd4143fbc4f9888ccc3e8c,,,Mega Man X .pdf
docs/SNES/Manuals/Mega Man X2.pdf,https://archive.org/download/mister-manuals/1991_Super%20Nintendo%20Entertainment%20System.zip/1991_Super%20Nintendo%20Entertainment%20System%2FMega%20Man%20X2.pdf,1192475,bef88fc4013f96ecc4c53b904ec2f0ba,,,Mega Man X2.pdf
docs/SNES/Manuals/Mega Man X3.pdf,https://archive.org/download/mister-manuals/1991_Super%20Nintendo%20Entertainment%20System.zip/1991_Super%20Nintendo%20Entertainment%20System%2FMega%20Man%20X3.pdf,1687045,7684efa2e64d5bdd434c0d8b5001eabf,,,Mega Man X3.pdf
docs/SNES/Manuals/Mega-Lo-Mania.pdf,https://archive.org/download/mister-manuals/1991_Super%20Nintendo%20Entertainment%20System.zip/1991_Super%20Nintendo%20Entertainment%20System%2FMega-Lo-Mania.pdf,2668959,84dc76c4ba876c029b6509e10db1b3df,,,Mega-Lo-Mania.pdf
docs/SNES/Manuals/Metal Combat - Falcon's Revenge.pdf,https://archive.org/download/mister-manuals/1991_Super%20Nintendo%20Entertainment%20System.zip/1991_Super%20Nintendo%20Entertainment%20System%2FMetal%20Combat%20-%20Falcon%27s%20Revenge.pdf,3186748,6c891aaee61fbc114992894e72a43ed7,,,Metal Combat - Falcon's Revenge.pdf
docs/SNES/Manuals/Metal Marines.pdf,https://archive.org/download/mister-manuals/1991_Super%20Nintendo%20Entertainment%20System.zip/1991_Super%20Nintendo%20Entertainment%20System%2FMetal%20Marines.pdf,1407772,2b65c103a448f3077acd37c52adc3777,,,Metal Marines.pdf
docs/SNES/Manuals/Metal Morph.pdf,https://archive.org/download/mister-manuals/1991_Super%20Nintendo%20Entertainment%20System.zip/1991_Super%20Nintendo%20Entertainment%20System%2FMetal%20Morph.pdf,1832065,554995506541086adbd25c0412c0267e,,,Metal Morph.pdf
docs/SNES/Manuals/Metal Warriors.pdf,https://archive.org/download/mister-manuals/1991_Super%20Nintendo%20Entertainment%20System.zip/1991_Super%20Nintendo%20Entertainment%20System%2FMetal%20Warriors.pdf,1814457,d8977008a93643e1dc3dd6b3c4f2a3f1,,,Metal Warriors.pdf
docs/SNES/Manuals/Michael Andretti's Indy Car Challenge.pdf,https://archive.org/download/mister-manuals/1991_Super%20Nintendo%20Entertainment%20System.zip/1991_Super%20Nintendo%20Entertainment%20System%2FMichael%20Andretti%27s%20Indy%20Car%20Challenge.pdf,1986378,e84417b81ef91575d33e8da11b502df5,,,Michael Andretti's Indy Car Challenge.pdf
docs/SNES/Manuals/Michael Jordan - Chaos in the Windy City.pdf,https://archive.org/download/mister-manuals/1991_Super%20Nintendo%20Entertainment%20System.zip/1991_Super%20Nintendo%20Entertainment%20System%2FMichael%20Jordan%20-%20Chaos%20in%20the%20Windy%20City.pdf,1444632,a833b2cb88d9a30481b71cd4651c99c6,,,Michael Jordan - Chaos in the Windy City.pdf
docs/SNES/Manuals/Mickey Mania - The Timeless Adventures of Mickey Mouse.pdf,https://archive.org/download/mister-manuals/1991_Super%20Nintendo%20Entertainment%20System.zip/1991_Super%20Nintendo%20Entertainment%20System%2FMickey%20Mania%20-%20The%20Timeless%20Adventures%20of%20Mickey%20Mouse.pdf,1256677,c886e0cf61bc134d4b836f9149cdcb24,,,Mickey Mania - The Timeless Adventures of Mickey Mouse.pdf
docs/SNES/Manuals/Mickey's Ultimate Challenge.pdf,https://archive.org/download/mister-manuals/1991_Super%20Nintendo%20Entertainment%20System.zip/1991_Super%20Nintendo%20Entertainment%20System%2FMickey%27s%20Ultimate%20Challenge.pdf,802475,9cfa3b08a41af7a009fcb6ea0dab562a,,,Mickey's Ultimate Challenge.pdf
docs/SNES/Manuals/Micro Machines .pdf,https://archive.org/download/mister-manuals/1991_Super%20Nintendo%20Entertainment%20System.zip/1991_Super%20Nintendo%20Entertainment%20System%2FMicro%20Machines%20.pdf,1326299,13c566a05ab64822c114e5c397514c44,,,Micro Machines .pdf
docs/SNES/Manuals/Micro Machines 2 - Turbo Tournament.pdf,https://archive.org/download/mister-manuals/1991_Super%20Nintendo%20Entertainment%20System.zip/1991_Super%20Nintendo%20Entertainment%20System%2FMicro%20Machines%202%20-%20Turbo%20Tournament.pdf,1253439,62b7759f3ef7f6df1dd83ec2f8a37921,,,Micro Machines 2 - Turbo Tournament.pdf
docs/SNES/Manuals/Might and Magic II - Gates to Another World.pdf,https://archive.org/download/mister-manuals/1991_Super%20Nintendo%20Entertainment%20System.zip/1991_Super%20Nintendo%20Entertainment%20System%2FMight%20and%20Magic%20II%20-%20Gates%20to%20Another%20World.pdf,4241789,e3c8505a09e687e9f66810bb1353a280,,,Might and Magic II - Gates to Another World.pdf
docs/SNES/Manuals/Might and Magic III - Isles of Terra.pdf,https://archive.org/download/mister-manuals/1991_Super%20Nintendo%20Entertainment%20System.zip/1991_Super%20Nintendo%20Entertainment%20System%2FMight%20and%20Magic%20III%20-%20Isles%20of%20Terra.pdf,3024610,7d797e728aae0b48e9821b99ce7fc8fc,,,Might and Magic III - Isles of Terra.pdf
docs/SNES/Manuals/Mighty Morphin Power Rangers - The Fighting Edition.pdf,https://archive.org/download/mister-manuals/1991_Super%20Nintendo%20Entertainment%20System.zip/1991_Super%20Nintendo%20Entertainment%20System%2FMighty%20Morphin%20Power%20Rangers%20-%20The%20Fighting%20Edition.pdf,926925,1821e0d0d212295f3bb4e977e0d4eaf0,,,Mighty Morphin Power Rangers - The Fighting Edition.pdf
docs/SNES/Manuals/Mighty Morphin Power Rangers - The Movie.pdf,https://archive.org/download/mister-manuals/1991_Super%20Nintendo%20Entertainment%20System.zip/1991_Super%20Nintendo%20Entertainment%20System%2FMighty%20Morphin%20Power%20Rangers%20-%20The%20Movie.pdf,1216586,4d20442a9a5955cc17193cf422fe6a39,,,Mighty Morphin Power Rangers - The Movie.pdf
docs/SNES/Manuals/Mighty Morphin Power Rangers .pdf,https://archive.org/download/mister-manuals/1991_Super%20Nintendo%20Entertainment%20System.zip/1991_Super%20Nintendo%20Entertainment%20System%2FMighty%20Morphin%20Power%20Rangers%20.pdf,1299204,cb5c885302d736f88a3d059c5f2e346c,,,Mighty Morphin Power Rangers .pdf
"docs/SNES/Manuals/Miracle Piano Teaching System, The.pdf",https://archive.org/download/mister-manuals/1991_Super%20Nintendo%20Entertainment%20System.zip/1991_Super%20Nintendo%20Entertainment%20System%2FMiracle%20Piano%20Teaching%20System%2C%20The.pdf,1770992,3f806880c08f802f25976a4d241769fc,,,"Miracle Piano Teaching System, The.pdf"
docs/SNES/Manuals/MoHawk & Headphone Jack.pdf,https://archive.org/download/mister-manuals/1991_Super%20Nintendo%20Entertainment%20System.zip/1991_Super%20Nintendo%20Entertainment%20System%2FMoHawk%20%26%20Headphone%20Jack.pdf,1646229,b840b7fc51b8f9f1dcdc3c1400fd6579,,,MoHawk & Headphone Jack.pdf
docs/SNES/Manuals/Monopoly.pdf,https://archive.org/download/mister-manuals/1991_Super%20Nintendo%20Entertainment%20System.zip/1991_Super%20Nintendo%20Entertainment%20System%2FMonopoly.pdf,2320936,7d3f532bf15b36abb7421e7a2e8aed75,,,Monopoly.pdf
docs/SNES/Manuals/Mortal Kombat .pdf,https://archive.org/download/mister-manuals/1991_Super%20Nintendo%20Entertainment%20System.zip/1991_Super%20Nintendo%20Entertainment%20System%2FMortal%20Kombat%20.pdf,4365872,ffd014350b9f971ddae8f36d0c5a6017,,,Mortal Kombat .pdf
docs/SNES/Manuals/Mortal Kombat 3.pdf,https://archive.org/download/mister-manuals/1991_Super%20Nintendo%20Entertainment%20System.zip/1991_Super%20Nintendo%20Entertainment%20System%2FMortal%20Kombat%203.pdf,3532472,73ec5bbb8cd35e6a8888dd05cac7f928,,,Mortal Kombat 3.pdf
docs/SNES/Manuals/Mortal Kombat II.pdf,https://archive.org/download/mister-manuals/1991_Super%20Nintendo%20Entertainment%20System.zip/1991_Super%20Nintendo%20Entertainment%20System%2FMortal%20Kombat%20II.pdf,2282430,be17cf5196092277b6d373c6b3c68804,,,Mortal Kombat II.pdf
docs/SNES/Manuals/Mr. Do!.pdf,https://archive.org/download/mister-manuals/1991_Super%20Nintendo%20Entertainment%20System.zip/1991_Super%20Nintendo%20Entertainment%20System%2FMr.%20Do%21.pdf,1411869,25216945f0ada86b91c565be20481864,,,Mr. Do!.pdf
docs/SNES/Manuals/Mr. Nutz.pdf,https://archive.org/download/mister-manuals/1991_Super%20Nintendo%20Entertainment%20System.zip/1991_Super%20Nintendo%20Entertainment%20System%2FMr.%20Nutz.pdf,935944,4d4878cf0636b01d191d48f11ac396e0,,,Mr. Nutz.pdf
docs/SNES/Manuals/Ms. Pac-Man.pdf,https://archive.org/download/mister-manuals/1991_Super%20Nintendo%20Entertainment%20System.zip/1991_Super%20Nintendo%20Entertainment%20System%2FMs.%20Pac-Man.pdf,1031149,be0e3039c48da28400eb6780a2d399dd,,,Ms. Pac-Man.pdf
docs/SNES/Manuals/Musya - The Classic Japanese Tale of Horror.pdf,https://archive.org/download/mister-manuals/1991_Super%20Nintendo%20Entertainment%20System.zip/1991_Super%20Nintendo%20Entertainment%20System%2FMusya%20-%20The%20Classic%20Japanese%20Tale%20of%20Horror.pdf,1411135,c83fe9b6a7699f89813ef06ac043b715,,,Musya - The Classic Japanese Tale of Horror.pdf
docs/SNES/Manuals/NBA All-Star Challenge.pdf,https://archive.org/download/mister-manuals/1991_Super%20Nintendo%20Entertainment%20System.zip/1991_Super%20Nintendo%20Entertainment%20System%2FNBA%20All-Star%20Challenge.pdf,2258627,3c0b8ae495419a085abf1bd4be7c38db,,,NBA All-Star Challenge.pdf
docs/SNES/Manuals/NBA Give 'n Go.pdf,https://archive.org/download/mister-manuals/1991_Super%20Nintendo%20Entertainment%20System.zip/1991_Super%20Nintendo%20Entertainment%20System%2FNBA%20Give%20%27n%20Go.pdf,1598304,244e4ad955ce1e7d63a023ac5bd6a0c3,,,NBA Give 'n Go.pdf
docs/SNES/Manuals/NBA Hangtime.pdf,https://archive.org/download/mister-manuals/1991_Super%20Nintendo%20Entertainment%20System.zip/1991_Super%20Nintendo%20Entertainment%20System%2FNBA%20Hangtime.pdf,2048781,6bbe92d21a7e62659fe127b2283eb9f6,,,NBA Hangtime.pdf
docs/SNES/Manuals/NBA Jam - Tournament Edition.pdf,https://archive.org/download/mister-manuals/1991_Super%20Nintendo%20Entertainment%20System.zip/1991_Super%20Nintendo%20Entertainment%20System%2FNBA%20Jam%20-%20Tournament%20Edition.pdf,2854052,d8fa1707f38da4f3c9bf0417615c8790,,,NBA Jam - Tournament Edition.pdf
docs/SNES/Manuals/NBA Jam .pdf,https://archive.org/download/mister-manuals/1991_Super%20Nintendo%20Entertainment%20System.zip/1991_Super%20Nintendo%20Entertainment%20System%2FNBA%20Jam%20.pdf,2213820,1c071d20a8544fa04348362bb7858da2,,,NBA Jam .pdf
docs/SNES/Manuals/NBA Live 95.pdf,https://archive.org/download/mister-manuals/1991_Super%20Nintendo%20Entertainment%20System.zip/1991_Super%20Nintendo%20Entertainment%20System%2FNBA%20Live%2095.pdf,2333812,8b7912e650d8ef55b25983134f3b3e1a,,,NBA Live 95.pdf
docs/SNES/Manuals/NBA Live 96.pdf,https://archive.org/download/mister-manuals/1991_Super%20Nintendo%20Entertainment%20System.zip/1991_Super%20Nintendo%20Entertainment%20System%2FNBA%20Live%2096.pdf,2892732,0c78068afdc8d07ffa1baa3a5fcc1ee5,,,NBA Live 96.pdf
docs/SNES/Manuals/NBA Live 97.pdf,https://archive.org/download/mister-manuals/1991_Super%20Nintendo%20Entertainment%20System.zip/1991_Super%20Nintendo%20Entertainment%20System%2FNBA%20Live%2097.pdf,2947538,cc06c97fb73d3196d1a59a32254fb696,,,NBA Live 97.pdf
docs/SNES/Manuals/NBA Live 98.pdf,https://archive.org/download/mister-manuals/1991_Super%20Nintendo%20Entertainment%20System.zip/1991_Super%20Nintendo%20Entertainment%20System%2FNBA%20Live%2098.pdf,2938658,e56060c85742729d7bcafd88fcef7e5d,,,NBA Live 98.pdf
docs/SNES/Manuals/NBA Showdown.pdf,https://archive.org/download/mister-manuals/1991_Super%20Nintendo%20Entertainment%20System.zip/1991_Super%20Nintendo%20Entertainment%20System%2FNBA%20Showdown.pdf,2886559,c11b75a744bb5494b760a74091492f21,,,NBA Showdown.pdf
docs/SNES/Manuals/NCAA Basketball.pdf,https://archive.org/download/mister-manuals/1991_Super%20Nintendo%20Entertainment%20System.zip/1991_Super%20Nintendo%20Entertainment%20System%2FNCAA%20Basketball.pdf,2210929,0fd9eb0c16990f8dd502cdd09b93d7d6,,,NCAA Basketball.pdf
docs/SNES/Manuals/NCAA Final Four Basketball.pdf,https://archive.org/download/mister-manuals/1991_Super%20Nintendo%20Entertainment%20System.zip/1991_Super%20Nintendo%20Entertainment%20System%2FNCAA%20Final%20Four%20Basketball.pdf,2331355,2ec1611bb7a6d9e537802362ceaa0555,,,NCAA Final Four Basketball.pdf
docs/SNES/Manuals/NCAA Football.pdf,https://archive.org/download/mister-manuals/1991_Super%20Nintendo%20Entertainment%20System.zip/1991_Super%20Nintendo%20Entertainment%20System%2FNCAA%20Football.pdf,2048464,8c4d7f0484cc7275d30e52dcb9b70a17,,,NCAA Football.pdf
docs/SNES/Manuals/NFL Football.pdf,https://archive.org/download/mister-manuals/1991_Super%20Nintendo%20Entertainment%20System.zip/1991_Super%20Nintendo%20Entertainment%20System%2FNFL%20Football.pdf,2251176,eb1782f7525cbaa7311abed3da416e3d,,,NFL Football.pdf
docs/SNES/Manuals/NFL Quarterback Club .pdf,https://archive.org/download/mister-manuals/1991_Super%20Nintendo%20Entertainment%20System.zip/1991_Super%20Nintendo%20Entertainment%20System%2FNFL%20Quarterback%20Club%20.pdf,5054336,8ab33ec0457bfc1c48100ca78d9f5670,,,NFL Quarterback Club .pdf
docs/SNES/Manuals/NFL Quarterback Club 96.pdf,https://archive.org/download/mister-manuals/1991_Super%20Nintendo%20Entertainment%20System.zip/1991_Super%20Nintendo%20Entertainment%20System%2FNFL%20Quarterback%20Club%2096.pdf,3733435,3518c90cad637334839eeac07f8b41e8,,,NFL Quarterback Club 96.pdf
docs/SNES/Manuals/NHL '94.pdf,https://archive.org/download/mister-manuals/1991_Super%20Nintendo%20Entertainment%20System.zip/1991_Super%20Nintendo%20Entertainment%20System%2FNHL%20%2794.pdf,2293993,87d926f87b97ca67586f34e5c7c24766,,,NHL '94.pdf
docs/SNES/Manuals/NHL 95.pdf,https://archive.org/download/mister-manuals/1991_Super%20Nintendo%20Entertainment%20System.zip/1991_Super%20Nintendo%20Entertainment%20System%2FNHL%2095.pdf,1872887,a62c1c230887a69abce5e3f21e553fb9,,,NHL 95.pdf
docs/SNES/Manuals/NHL 96.pdf,https://archive.org/download/mister-manuals/1991_Super%20Nintendo%20Entertainment%20System.zip/1991_Super%20Nintendo%20Entertainment%20System%2FNHL%2096.pdf,2464851,c93fbf2f630f4d16d9480ad889b33cc7,,,NHL 96.pdf
docs/SNES/Manuals/NHL 97.pdf,https://archive.org/download/mister-manuals/1991_Super%20Nintendo%20Entertainment%20System.zip/1991_Super%20Nintendo%20Entertainment%20System%2FNHL%2097.pdf,2520403,c14cf20500200952563fa71a91e0fdee,,,NHL 97.pdf
docs/SNES/Manuals/NHL 98.pdf,https://archive.org/download/mister-manuals/1991_Super%20Nintendo%20Entertainment%20System.zip/1991_Super%20Nintendo%20Entertainment%20System%2FNHL%2098.pdf,2186884,807fb513e0fdbde07cd04086398620d0,,,NHL 98.pdf
docs/SNES/Manuals/NHL Stanley Cup.pdf,https://archive.org/download/mister-manuals/1991_Super%20Nintendo%20Entertainment%20System.zip/1991_Super%20Nintendo%20Entertainment%20System%2FNHL%20Stanley%20Cup.pdf,2046640,df59a9b7f32fa4acb699de765a104184,,,NHL Stanley Cup.pdf
docs/SNES/Manuals/NHLPA Hockey 93.pdf,https://archive.org/download/mister-manuals/1991_Super%20Nintendo%20Entertainment%20System.zip/1991_Super%20Nintendo%20Entertainment%20System%2FNHLPA%20Hockey%2093.pdf,2464194,c2bc56b393fb7c36e82d473bf2cca198,,,NHLPA Hockey 93.pdf
docs/SNES/Manuals/Natsume Championship Wrestling.pdf,https://archive.org/download/mister-manuals/1991_Super%20Nintendo%20Entertainment%20System.zip/1991_Super%20Nintendo%20Entertainment%20System%2FNatsume%20Championship%20Wrestling.pdf,1822732,aed698ab48ca5e368c4a6c3c84bd2713,,,Natsume Championship Wrestling.pdf
docs/SNES/Manuals/Newman-Haas Indy Car featuring Nigel Mansell.pdf,https://archive.org/download/mister-manuals/1991_Super%20Nintendo%20Entertainment%20System.zip/1991_Super%20Nintendo%20Entertainment%20System%2FNewman-Haas%20Indy%20Car%20featuring%20Nigel%20Mansell.pdf,2033183,e4c97bd29f5aaf9a3287d9346b7935ae,,,Newman-Haas Indy Car featuring Nigel Mansell.pdf
docs/SNES/Manuals/Nickelodeon GUTS.pdf,https://archive.org/download/mister-manuals/1991_Super%20Nintendo%20Entertainment%20System.zip/1991_Super%20Nintendo%20Entertainment%20System%2FNickelodeon%20GUTS.pdf,1749288,3ab5519a04c97cac63dca19cf1e31e15,,,Nickelodeon GUTS.pdf
docs/SNES/Manuals/Nigel Mansell's World Championship Racing.pdf,https://archive.org/download/mister-manuals/1991_Super%20Nintendo%20Entertainment%20System.zip/1991_Super%20Nintendo%20Entertainment%20System%2FNigel%20Mansell%27s%20World%20Championship%20Racing.pdf,2545402,e3f2c25ddb2f22c7f9da071ef68ce95a,,,Nigel Mansell's World Championship Racing.pdf
docs/SNES/Manuals/Nightmare Busters.pdf,https://archive.org/download/mister-manuals/1991_Super%20Nintendo%20Entertainment%20System.zip/1991_Super%20Nintendo%20Entertainment%20System%2FNightmare%20Busters.pdf,2407937,9fd5a4a8c820781386af3a95c2fcb6cf,,,Nightmare Busters.pdf
docs/SNES/Manuals/Ninja Gaiden Trilogy.pdf,https://archive.org/download/mister-manuals/1991_Super%20Nintendo%20Entertainment%20System.zip/1991_Super%20Nintendo%20Entertainment%20System%2FNinja%20Gaiden%20Trilogy.pdf,2075519,37f1ea0ac5110a447ddd76caa34d7874,,,Ninja Gaiden Trilogy.pdf
docs/SNES/Manuals/Ninja Warriors.pdf,https://archive.org/download/mister-manuals/1991_Super%20Nintendo%20Entertainment%20System.zip/1991_Super%20Nintendo%20Entertainment%20System%2FNinja%20Warriors.pdf,1261310,057b5d551f28e51bbe0f1e96cc4e1969,,,Ninja Warriors.pdf
docs/SNES/Manuals/No Escape.pdf,https://archive.org/download/mister-manuals/1991_Super%20Nintendo%20Entertainment%20System.zip/1991_Super%20Nintendo%20Entertainment%20System%2FNo%20Escape.pdf,1667625,3fa748d674f48df24c3ec0f6a7328de3,,,No Escape.pdf
docs/SNES/Manuals/Nobunaga's Ambition - Lord of Darkness.pdf,https://archive.org/download/mister-manuals/1991_Super%20Nintendo%20Entertainment%20System.zip/1991_Super%20Nintendo%20Entertainment%20System%2FNobunaga%27s%20Ambition%20-%20Lord%20of%20Darkness.pdf,5823027,c7c07ac75701e088419262077a3486ed,,,Nobunaga's Ambition - Lord of Darkness.pdf
docs/SNES/Manuals/Nobunaga's Ambition .pdf,https://archive.org/download/mister-manuals/1991_Super%20Nintendo%20Entertainment%20System.zip/1991_Super%20Nintendo%20Entertainment%20System%2FNobunaga%27s%20Ambition%20.pdf,5081484,b6cf4bfda46e971c500032de4132eaaa,,,Nobunaga's Ambition .pdf
docs/SNES/Manuals/Nolan Ryan's Baseball.pdf,https://archive.org/download/mister-manuals/1991_Super%20Nintendo%20Entertainment%20System.zip/1991_Super%20Nintendo%20Entertainment%20System%2FNolan%20Ryan%27s%20Baseball.pdf,1789751,3f95fb738a28f3754b05d2cac1b394c2,,,Nolan Ryan's Baseball.pdf
docs/SNES/Manuals/Nosferatu.pdf,https://archive.org/download/mister-manuals/1991_Super%20Nintendo%20Entertainment%20System.zip/1991_Super%20Nintendo%20Entertainment%20System%2FNosferatu.pdf,1759738,49f51510723b0337aa78550b3991c5e1,,,Nosferatu.pdf
docs/SNES/Manuals/Obitus.pdf,https://archive.org/download/mister-manuals/1991_Super%20Nintendo%20Entertainment%20System.zip/1991_Super%20Nintendo%20Entertainment%20System%2FObitus.pdf,2162591,b3782e29e71f9771e3423625ddcdea79,,,Obitus.pdf
docs/SNES/Manuals/Ogre Battle - The March of the Black Queen.pdf,https://archive.org/download/mister-manuals/1991_Super%20Nintendo%20Entertainment%20System.zip/1991_Super%20Nintendo%20Entertainment%20System%2FOgre%20Battle%20-%20The%20March%20of%20the%20Black%20Queen.pdf,4287862,1e92ced7240d3c1680d18ddc261f6923,,,Ogre Battle - The March of the Black Queen.pdf
docs/SNES/Manuals/Olympic Summer Games - Atlanta 1996.pdf,https://archive.org/download/mister-manuals/1991_Super%20Nintendo%20Entertainment%20System.zip/1991_Super%20Nintendo%20Entertainment%20System%2FOlympic%20Summer%20Games%20-%20Atlanta%201996.pdf,1318624,e9bf8b4e6a88ff1b3e72d6ea0d143697,,,Olympic Summer Games - Atlanta 1996.pdf
docs/SNES/Manuals/On the Ball.pdf,https://archive.org/download/mister-manuals/1991_Super%20Nintendo%20Entertainment%20System.zip/1991_Super%20Nintendo%20Entertainment%20System%2FOn%20the%20Ball.pdf,944315,b43c563ce2a67de85bfa7a01228914fd,,,On the Ball.pdf
docs/SNES/Manuals/Operation Europe - Path to Victory 1939-45.pdf,https://archive.org/download/mister-manuals/1991_Super%20Nintendo%20Entertainment%20System.zip/1991_Super%20Nintendo%20Entertainment%20System%2FOperation%20Europe%20-%20Path%20to%20Victory%201939-45.pdf,5657164,6f82753199131398b73449abfb6d3304,,,Operation Europe - Path to Victory 1939-45.pdf
docs/SNES/Manuals/Operation Logic Bomb - The Ultimate Search & Destroy.pdf,https://archive.org/download/mister-manuals/1991_Super%20Nintendo%20Entertainment%20System.zip/1991_Super%20Nintendo%20Entertainment%20System%2FOperation%20Logic%20Bomb%20-%20The%20Ultimate%20Search%20%26%20Destroy.pdf,2264912,2139ea02e5a050e41c79c2ab39177805,,,Operation Logic Bomb - The Ultimate Search & Destroy.pdf
docs/SNES/Manuals/Operation Thunderbolt.pdf,https://archive.org/download/mister-manuals/1991_Super%20Nintendo%20Entertainment%20System.zip/1991_Super%20Nintendo%20Entertainment%20System%2FOperation%20Thunderbolt.pdf,706456,a1d36dcb5e147b9b2dc09424cf507ff8,,,Operation Thunderbolt.pdf
docs/SNES/Manuals/Oscar.pdf,https://archive.org/download/mister-manuals/1991_Super%20Nintendo%20Entertainment%20System.zip/1991_Super%20Nintendo%20Entertainment%20System%2FOscar.pdf,681823,d176b56099ef6483c08a38793dd965e9,,,Oscar.pdf
docs/SNES/Manuals/Otogirisou.pdf,https://archive.org/download/mister-manuals/1991_Super%20Nintendo%20Entertainment%20System.zip/1991_Super%20Nintendo%20Entertainment%20System%2FOtogirisou.pdf,1034303,40f376b7174c30d4aab2383349c76fe4,,,Otogirisou.pdf
docs/SNES/Manuals/Out of this World.pdf,https://archive.org/download/mister-manuals/1991_Super%20Nintendo%20Entertainment%20System.zip/1991_Super%20Nintendo%20Entertainment%20System%2FOut%20of%20this%20World.pdf,897410,6f0e3923ddcda3ec94b9f9ffab6d5036,,,Out of this World.pdf
docs/SNES/Manuals/Out to Lunch.pdf,https://archive.org/download/mister-manuals/1991_Super%20Nintendo%20Entertainment%20System.zip/1991_Super%20Nintendo%20Entertainment%20System%2FOut%20to%20Lunch.pdf,1478784,6fe738e6fbd44683eea8373200ae19d0,,,Out to Lunch.pdf
docs/SNES/Manuals/Outlander.pdf,https://archive.org/download/mister-manuals/1991_Super%20Nintendo%20Entertainment%20System.zip/1991_Super%20Nintendo%20Entertainment%20System%2FOutlander.pdf,1181309,24b06f0bcc824d3f6a8bdf5db49b9291,,,Outlander.pdf
docs/SNES/Manuals/P.T.O. - Pacific Theater of Operations.pdf,https://archive.org/download/mister-manuals/1991_Super%20Nintendo%20Entertainment%20System.zip/1991_Super%20Nintendo%20Entertainment%20System%2FP.T.O.%20-%20Pacific%20Theater%20of%20Operations.pdf,4623635,76aea445e82c138fb4b25260816cc241,,,P.T.O. - Pacific Theater of Operations.pdf
docs/SNES/Manuals/P.T.O. II - Pacific Theater of Operations.pdf,https://archive.org/download/mister-manuals/1991_Super%20Nintendo%20Entertainment%20System.zip/1991_Super%20Nintendo%20Entertainment%20System%2FP.T.O.%20II%20-%20Pacific%20Theater%20of%20Operations.pdf,4408329,b8a8b09894791f50f86ae970ecb619a3,,,P.T.O. II - Pacific Theater of Operations.pdf
docs/SNES/Manuals/PGA European Tour.pdf,https://archive.org/download/mister-manuals/1991_Super%20Nintendo%20Entertainment%20System.zip/1991_Super%20Nintendo%20Entertainment%20System%2FPGA%20European%20Tour.pdf,2054526,7dda2c338502d99bbac72499c2bb6000,,,PGA European Tour.pdf
docs/SNES/Manuals/PGA Tour 96.pdf,https://archive.org/download/mister-manuals/1991_Super%20Nintendo%20Entertainment%20System.zip/1991_Super%20Nintendo%20Entertainment%20System%2FPGA%20Tour%2096.pdf,1796154,dd1adda578c65032699349db80714720,,,PGA Tour 96.pdf
docs/SNES/Manuals/PGA Tour Golf.pdf,https://archive.org/download/mister-manuals/1991_Super%20Nintendo%20Entertainment%20System.zip/1991_Super%20Nintendo%20Entertainment%20System%2FPGA%20Tour%20Golf.pdf,2522545,1b49d0104bb04e93ce3c5104e9a6f224,,,PGA Tour Golf.pdf
docs/SNES/Manuals/Pac-Attack.pdf,https://archive.org/download/mister-manuals/1991_Super%20Nintendo%20Entertainment%20System.zip/1991_Super%20Nintendo%20Entertainment%20System%2FPac-Attack.pdf,936194,81b9a064a366582974a0da4c4aa5e095,,,Pac-Attack.pdf
docs/SNES/Manuals/Pac-Man 2 - The New Adventures.pdf,https://archive.org/download/mister-manuals/1991_Super%20Nintendo%20Entertainment%20System.zip/1991_Super%20Nintendo%20Entertainment%20System%2FPac-Man%202%20-%20The%20New%20Adventures.pdf,989353,fe33b3f9811423cec270950a21ec5571,,,Pac-Man 2 - The New Adventures.pdf
docs/SNES/Manuals/Pac-in-Time.pdf,https://archive.org/download/mister-manuals/1991_Super%20Nintendo%20Entertainment%20System.zip/1991_Super%20Nintendo%20Entertainment%20System%2FPac-in-Time.pdf,1096421,6d548d9dbde749f9c44b0048a21f4b94,,,Pac-in-Time.pdf
docs/SNES/Manuals/Packy & Marlon.pdf,https://archive.org/download/mister-manuals/1991_Super%20Nintendo%20Entertainment%20System.zip/1991_Super%20Nintendo%20Entertainment%20System%2FPacky%20%26%20Marlon.pdf,1067498,8956fe9db04e45d3faaeb5df0b9cf194,,,Packy & Marlon.pdf
"docs/SNES/Manuals/Pagemaster, The.pdf",https://archive.org/download/mister-manuals/1991_Super%20Nintendo%20Entertainment%20System.zip/1991_Super%20Nintendo%20Entertainment%20System%2FPagemaster%2C%20The.pdf,1369641,8ec91f825a1297a87e553333b152ea3e,,,"Pagemaster, The.pdf"
docs/SNES/Manuals/Paladin's Quest.pdf,https://archive.org/download/mister-manuals/1991_Super%20Nintendo%20Entertainment%20System.zip/1991_Super%20Nintendo%20Entertainment%20System%2FPaladin%27s%20Quest.pdf,4011308,6c79b389948be4fc25f0cf42a89ac613,,,Paladin's Quest.pdf
docs/SNES/Manuals/Paperboy 2.pdf,https://archive.org/download/mister-manuals/1991_Super%20Nintendo%20Entertainment%20System.zip/1991_Super%20Nintendo%20Entertainment%20System%2FPaperboy%202.pdf,684901,17ac9cb46c970cbf2d244f81f86bca6f,,,Paperboy 2.pdf
docs/SNES/Manuals/Parodius - Non-Sense Fantasy.pdf,https://archive.org/download/mister-manuals/1991_Super%20Nintendo%20Entertainment%20System.zip/1991_Super%20Nintendo%20Entertainment%20System%2FParodius%20-%20Non-Sense%20Fantasy.pdf,2400076,a778e09fc6462016402209d22846ff17,,,Parodius - Non-Sense Fantasy.pdf
"docs/SNES/Manuals/Peace Keepers, The.pdf",https://archive.org/download/mister-manuals/1991_Super%20Nintendo%20Entertainment%20System.zip/1991_Super%20Nintendo%20Entertainment%20System%2FPeace%20Keepers%2C%20The.pdf,2669420,41918b63ec79f0b211bcb3b82add77dd,,,"Peace Keepers, The.pdf"
docs/SNES/Manuals/Phalanx - The Enforce Fighter A-144.pdf,https://archive.org/download/mister-manuals/1991_Super%20Nintendo%20Entertainment%20System.zip/1991_Super%20Nintendo%20Entertainment%20System%2FPhalanx%20-%20The%20Enforce%20Fighter%20A-144.pdf,1524509,be4d67f188737637308e686f1825c953,,,Phalanx - The Enforce Fighter A-144.pdf
docs/SNES/Manuals/Phantom 2040.pdf,https://archive.org/download/mister-manuals/1991_Super%20Nintendo%20Entertainment%20System.zip/1991_Super%20Nintendo%20Entertainment%20System%2FPhantom%202040.pdf,1872099,9f6ff1d67c994262e4ff7669233e28bd,,,Phantom 2040.pdf
docs/SNES/Manuals/Pieces.pdf,https://archive.org/download/mister-manuals/1991_Super%20Nintendo%20Entertainment%20System.zip/1991_Super%20Nintendo%20Entertainment%20System%2FPieces.pdf,1538950,cbbaebf0f9319ce95cbb32856468f8c1,,,Pieces.pdf
docs/SNES/Manuals/Pilotwings.pdf,https://archive.org/download/mister-manuals/1991_Super%20Nintendo%20Entertainment%20System.zip/1991_Super%20Nintendo%20Entertainment%20System%2FPilotwings.pdf,1660381,5db68c8ec65e0d193666c77325464536,,,Pilotwings.pdf
docs/SNES/Manuals/Pinball Dreams.pdf,https://archive.org/download/mister-manuals/1991_Super%20Nintendo%20Entertainment%20System.zip/1991_Super%20Nintendo%20Entertainment%20System%2FPinball%20Dreams.pdf,2077643,20ec7e13784ca056ce957d5ffcdac49c,,,Pinball Dreams.pdf
docs/SNES/Manuals/Pinball Fantasies.pdf,https://archive.org/download/mister-manuals/1991_Super%20Nintendo%20Entertainment%20System.zip/1991_Super%20Nintendo%20Entertainment%20System%2FPinball%20Fantasies.pdf,1863422,b23c9250ab2bee7e8342cd395786f2e7,,,Pinball Fantasies.pdf
docs/SNES/Manuals/Pink Goes to Hollywood.pdf,https://archive.org/download/mister-manuals/1991_Super%20Nintendo%20Entertainment%20System.zip/1991_Super%20Nintendo%20Entertainment%20System%2FPink%20Goes%20to%20Hollywood.pdf,914058,d61e90afc9b5f7da78ff7841f813e84d,,,Pink Goes to Hollywood.pdf
docs/SNES/Manuals/Pinocchio.pdf,https://archive.org/download/mister-manuals/1991_Super%20Nintendo%20Entertainment%20System.zip/1991_Super%20Nintendo%20Entertainment%20System%2FPinocchio.pdf,1407940,c92db935df0602a96f530026ada3b6ab,,,Pinocchio.pdf
"docs/SNES/Manuals/Pirates of Dark Water, The.pdf",https://archive.org/download/mister-manuals/1991_Super%20Nintendo%20Entertainment%20System.zip/1991_Super%20Nintendo%20Entertainment%20System%2FPirates%20of%20Dark%20Water%2C%20The.pdf,930241,4162ec4f3f73adbc16b3e9744053b56d,,,"Pirates of Dark Water, The.pdf"
docs/SNES/Manuals/Pit-Fighter.pdf,https://archive.org/download/mister-manuals/1991_Super%20Nintendo%20Entertainment%20System.zip/1991_Super%20Nintendo%20Entertainment%20System%2FPit-Fighter.pdf,847788,9d696b1e9468662d8a8897b5bff5efa7,,,Pit-Fighter.pdf
docs/SNES/Manuals/Pitfall - The Mayan Adventure.pdf,https://archive.org/download/mister-manuals/1991_Super%20Nintendo%20Entertainment%20System.zip/1991_Super%20Nintendo%20Entertainment%20System%2FPitfall%20-%20The%20Mayan%20Adventure.pdf,1800035,ecaf77bce84676816be80e5f2aa41113,,,Pitfall - The Mayan Adventure.pdf
docs/SNES/Manuals/Plok!.pdf,https://archive.org/download/mister-manuals/1991_Super%20Nintendo%20Entertainment%20System.zip/1991_Super%20Nintendo%20Entertainment%20System%2FPlok%21.pdf,1938235,1cb8eaa700fb0657097487b52d2cd435,,,Plok!.pdf
docs/SNES/Manuals/Pocky & Rocky .pdf,https://archive.org/download/mister-manuals/1991_Super%20Nintendo%20Entertainment%20System.zip/1991_Super%20Nintendo%20Entertainment%20System%2FPocky%20%26%20Rocky%20.pdf,1030208,e6989c9cf85152019ba94b12854c3448,,,Pocky & Rocky .pdf
docs/SNES/Manuals/Pocky & Rocky 2.pdf,https://archive.org/download/mister-manuals/1991_Super%20Nintendo%20Entertainment%20System.zip/1991_Super%20Nintendo%20Entertainment%20System%2FPocky%20%26%20Rocky%202.pdf,1219256,9a1f59ffb8626ed4fc8ec79a8750c332,,,Pocky & Rocky 2.pdf
docs/SNES/Manuals/Pop'n TwinBee - Rainbow Bell Adventures.pdf,https://archive.org/download/mister-manuals/1991_Super%20Nintendo%20Entertainment%20System.zip/1991_Super%20Nintendo%20Entertainment%20System%2FPop%27n%20TwinBee%20-%20Rainbow%20Bell%20Adventures.pdf,2959258,8e14660e44e52a30e3b342c917caf987,,,Pop'n TwinBee - Rainbow Bell Adventures.pdf
docs/SNES/Manuals/Pop'n TwinBee .pdf,https://archive.org/download/mister-manuals/1991_Super%20Nintendo%20Entertainment%20System.zip/1991_Super%20Nintendo%20Entertainment%20System%2FPop%27n%20TwinBee%20.pdf,2572862,502b7e0127017bb63dcfb4a641a8f8db,,,Pop'n TwinBee .pdf
docs/SNES/Manuals/Populous .pdf,https://archive.org/download/mister-manuals/1991_Super%20Nintendo%20Entertainment%20System.zip/1991_Super%20Nintendo%20Entertainment%20System%2FPopulous%20.pdf,3592210,4b7050c5efa403fb3217a39d799ae76b,,,Populous .pdf
docs/SNES/Manuals/Populous II - Trials of the Olympian Gods.pdf,https://archive.org/download/mister-manuals/1991_Super%20Nintendo%20Entertainment%20System.zip/1991_Super%20Nintendo%20Entertainment%20System%2FPopulous%20II%20-%20Trials%20of%20the%20Olympian%20Gods.pdf,2774228,0ce37bf68b22746922d3b170b1b44ec3,,,Populous II - Trials of the Olympian Gods.pdf
docs/SNES/Manuals/Porky Pig's Haunted Holiday.pdf,https://archive.org/download/mister-manuals/1991_Super%20Nintendo%20Entertainment%20System.zip/1991_Super%20Nintendo%20Entertainment%20System%2FPorky%20Pig%27s%20Haunted%20Holiday.pdf,1025557,921f9f9f33df34affd6d576d7313b65d,,,Porky Pig's Haunted Holiday.pdf
docs/SNES/Manuals/Power Drive.pdf,https://archive.org/download/mister-manuals/1991_Super%20Nintendo%20Entertainment%20System.zip/1991_Super%20Nintendo%20Entertainment%20System%2FPower%20Drive.pdf,1849283,1b7e86a83eb0f6f8bd1f9b72b7bc14f6,,,Power Drive.pdf
docs/SNES/Manuals/Power Instinct.pdf,https://archive.org/download/mister-manuals/1991_Super%20Nintendo%20Entertainment%20System.zip/1991_Super%20Nintendo%20Entertainment%20System%2FPower%20Instinct.pdf,2034404,65c9dc007c85fc43aa21abdf2f31e8dc,,,Power Instinct.pdf
docs/SNES/Manuals/Power Moves.pdf,https://archive.org/download/mister-manuals/1991_Super%20Nintendo%20Entertainment%20System.zip/1991_Super%20Nintendo%20Entertainment%20System%2FPower%20Moves.pdf,958881,a1810dc231223570470f235590f72eba,,,Power Moves.pdf
docs/SNES/Manuals/Power Piggs of the Dark Age.pdf,https://archive.org/download/mister-manuals/1991_Super%20Nintendo%20Entertainment%20System.zip/1991_Super%20Nintendo%20Entertainment%20System%2FPower%20Piggs%20of%20the%20Dark%20Age.pdf,2060084,b3902b07c8919ee5a81ea646bd322142,,,Power Piggs of the Dark Age.pdf
docs/SNES/Manuals/Power Rangers Zeo - Battle Racers.pdf,https://archive.org/download/mister-manuals/1991_Super%20Nintendo%20Entertainment%20System.zip/1991_Super%20Nintendo%20Entertainment%20System%2FPower%20Rangers%20Zeo%20-%20Battle%20Racers.pdf,1030016,a3c5ac7a23aaa0db65c43a1afc91acb3,,,Power Rangers Zeo - Battle Racers.pdf
docs/SNES/Manuals/PowerMonger.pdf,https://archive.org/download/mister-manuals/1991_Super%20Nintendo%20Entertainment%20System.zip/1991_Super%20Nintendo%20Entertainment%20System%2FPowerMonger.pdf,3754543,cd9fb8cf01aabb7e3261af70b7de7a8a,,,PowerMonger.pdf
docs/SNES/Manuals/Prehistorik Man.pdf,https://archive.org/download/mister-manuals/1991_Super%20Nintendo%20Entertainment%20System.zip/1991_Super%20Nintendo%20Entertainment%20System%2FPrehistorik%20Man.pdf,1332932,51fdf89dce7301eba7e928315889f5a9,,,Prehistorik Man.pdf
docs/SNES/Manuals/Primal Rage.pdf,https://archive.org/download/mister-manuals/1991_Super%20Nintendo%20Entertainment%20System.zip/1991_Super%20Nintendo%20Entertainment%20System%2FPrimal%20Rage.pdf,2544554,705ca45e12b3051208121d334012846e,,,Primal Rage.pdf
docs/SNES/Manuals/Prince of Persia .pdf,https://archive.org/download/mister-manuals/1991_Super%20Nintendo%20Entertainment%20System.zip/1991_Super%20Nintendo%20Entertainment%20System%2FPrince%20of%20Persia%20.pdf,1294604,dc35018390c3ff9c2b7ec0b8ff7e1ddd,,,Prince of Persia .pdf
docs/SNES/Manuals/Prince of Persia 2 - The Shadow & the Flame.pdf,https://archive.org/download/mister-manuals/1991_Super%20Nintendo%20Entertainment%20System.zip/1991_Super%20Nintendo%20Entertainment%20System%2FPrince%20of%20Persia%202%20-%20The%20Shadow%20%26%20the%20Flame.pdf,915150,484028c6977e28db45bb77cf653bc9c5,,,Prince of Persia 2 - The Shadow & the Flame.pdf
docs/SNES/Manuals/Pro Quarterback.pdf,https://archive.org/download/mister-manuals/1991_Super%20Nintendo%20Entertainment%20System.zip/1991_Super%20Nintendo%20Entertainment%20System%2FPro%20Quarterback.pdf,1396536,24486e9788af8e644ab51ee0e7dfdead,,,Pro Quarterback.pdf
docs/SNES/Manuals/Pro Sport Hockey.pdf,https://archive.org/download/mister-manuals/1991_Super%20Nintendo%20Entertainment%20System.zip/1991_Super%20Nintendo%20Entertainment%20System%2FPro%20Sport%20Hockey.pdf,2898010,551409c91a4669a91f81d875eeec43ed,,,Pro Sport Hockey.pdf
docs/SNES/Manuals/Push-Over.pdf,https://archive.org/download/mister-manuals/1991_Super%20Nintendo%20Entertainment%20System.zip/1991_Super%20Nintendo%20Entertainment%20System%2FPush-Over.pdf,975949,8626d9ed7d3a94afd9cbd60ca5a6d8e8,,,Push-Over.pdf
docs/SNES/Manuals/Putty Squad.pdf,https://archive.org/download/mister-manuals/1991_Super%20Nintendo%20Entertainment%20System.zip/1991_Super%20Nintendo%20Entertainment%20System%2FPutty%20Squad.pdf,1683735,929a60f639374e52032d1c39a3cdcce8,,,Putty Squad.pdf
docs/SNES/Manuals/Q'bert 3.pdf,https://archive.org/download/mister-manuals/1991_Super%20Nintendo%20Entertainment%20System.zip/1991_Super%20Nintendo%20Entertainment%20System%2FQ%27bert%203.pdf,1196125,156b1d1f565cf893994bde8792fb8d78,,,Q'bert 3.pdf
docs/SNES/Manuals/R-Type III - The Third Lightning.pdf,https://archive.org/download/mister-manuals/1991_Super%20Nintendo%20Entertainment%20System.zip/1991_Super%20Nintendo%20Entertainment%20System%2FR-Type%20III%20-%20The%20Third%20Lightning.pdf,1437732,03b07be0c80ba5bb416964f160cac973,,,R-Type III - The Third Lightning.pdf
docs/SNES/Manuals/R.P.M. Racing.pdf,https://archive.org/download/mister-manuals/1991_Super%20Nintendo%20Entertainment%20System.zip/1991_Super%20Nintendo%20Entertainment%20System%2FR.P.M.%20Racing.pdf,1577816,a4452120934b1bfd2d56af03b6fae031,,,R.P.M. Racing.pdf
docs/SNES/Manuals/Race Drivin'.pdf,https://archive.org/download/mister-manuals/1991_Super%20Nintendo%20Entertainment%20System.zip/1991_Super%20Nintendo%20Entertainment%20System%2FRace%20Drivin%27.pdf,666546,0c51a92c4316fe7a240d292c5310e021,,,Race Drivin'.pdf
docs/SNES/Manuals/Radical Rex.pdf,https://archive.org/download/mister-manuals/1991_Super%20Nintendo%20Entertainment%20System.zip/1991_Super%20Nintendo%20Entertainment%20System%2FRadical%20Rex.pdf,1394923,bd04366fb6707655ee026941318cc254,,,Radical Rex.pdf
docs/SNES/Manuals/Raiden Trad.pdf,https://archive.org/download/mister-manuals/1991_Super%20Nintendo%20Entertainment%20System.zip/1991_Super%20Nintendo%20Entertainment%20System%2FRaiden%20Trad.pdf,1419787,bfe6060371ecf816f9e1a548111e2584,,,Raiden Trad.pdf
docs/SNES/Manuals/Rampart.pdf,https://archive.org/download/mister-manuals/1991_Super%20Nintendo%20Entertainment%20System.zip/1991_Super%20Nintendo%20Entertainment%20System%2FRampart.pdf,1737696,c3daf23df6cc1b40b18948a1399c1aff,,,Rampart.pdf
docs/SNES/Manuals/Ranma 1-2 - Hard Battle.pdf,https://archive.org/download/mister-manuals/1991_Super%20Nintendo%20Entertainment%20System.zip/1991_Super%20Nintendo%20Entertainment%20System%2FRanma%201-2%20-%20Hard%20Battle.pdf,2774963,5cc83d67ede552dfc487047f192d2917,,,Ranma 1-2 - Hard Battle.pdf
docs/SNES/Manuals/Rap Jam - Volume One.pdf,https://archive.org/download/mister-manuals/1991_Super%20Nintendo%20Entertainment%20System.zip/1991_Super%20Nintendo%20Entertainment%20System%2FRap%20Jam%20-%20Volume%20One.pdf,1999780,e83f2f3bfad57c2066c8615e5c0edb47,,,Rap Jam - Volume One.pdf
docs/SNES/Manuals/Realm.pdf,https://archive.org/download/mister-manuals/1991_Super%20Nintendo%20Entertainment%20System.zip/1991_Super%20Nintendo%20Entertainment%20System%2FRealm.pdf,677734,b7571e3d8f8471a96a1bc021f4e655bd,,,Realm.pdf
docs/SNES/Manuals/Redline F-1 Racer.pdf,https://archive.org/download/mister-manuals/1991_Super%20Nintendo%20Entertainment%20System.zip/1991_Super%20Nintendo%20Entertainment%20System%2FRedline%20F-1%20Racer.pdf,2410830,0d558e400e335960c5201e2436df34dc,,,Redline F-1 Racer.pdf
docs/SNES/Manuals/Relief Pitcher.pdf,https://archive.org/download/mister-manuals/1991_Super%20Nintendo%20Entertainment%20System.zip/1991_Super%20Nintendo%20Entertainment%20System%2FRelief%20Pitcher.pdf,1921777,65ac8aa85ea531f923b624698aecd986,,,Relief Pitcher.pdf
"docs/SNES/Manuals/Ren & Stimpy Show, The - Buckeroos!.pdf",https://archive.org/download/mister-manuals/1991_Super%20Nintendo%20Entertainment%20System.zip/1991_Super%20Nintendo%20Entertainment%20System%2FRen%20%26%20Stimpy%20Show%2C%20The%20-%20Buckeroos%21.pdf,1460152,1d6e51ca118b8ddeebfec0aae96e4ae2,,,"Ren & Stimpy Show, The - Buckeroos!.pdf"
"docs/SNES/Manuals/Ren & Stimpy Show, The - Fire Dogs.pdf",https://archive.org/download/mister-manuals/1991_Super%20Nintendo%20Entertainment%20System.zip/1991_Super%20Nintendo%20Entertainment%20System%2FRen%20%26%20Stimpy%20Show%2C%20The%20-%20Fire%20Dogs.pdf,1162787,839b60ff9292c65660aa16d78991c398,,,"Ren & Stimpy Show, The - Fire Dogs.pdf"
"docs/SNES/Manuals/Ren & Stimpy Show, The - Time Warp.pdf",https://archive.org/download/mister-manuals/1991_Super%20Nintendo%20Entertainment%20System.zip/1991_Super%20Nintendo%20Entertainment%20System%2FRen%20%26%20Stimpy%20Show%2C%20The%20-%20Time%20Warp.pdf,1978551,79b41c074fa4105ffd22dc5f6068b8cb,,,"Ren & Stimpy Show, The - Time Warp.pdf"
"docs/SNES/Manuals/Ren & Stimpy Show, The - Veediots!.pdf",https://archive.org/download/mister-manuals/1991_Super%20Nintendo%20Entertainment%20System.zip/1991_Super%20Nintendo%20Entertainment%20System%2FRen%20%26%20Stimpy%20Show%2C%20The%20-%20Veediots%21.pdf,1447189,71b2d20a4ba8ea87b867e6e9d0aa4625,,,"Ren & Stimpy Show, The - Veediots!.pdf"
docs/SNES/Manuals/Revolution X.pdf,https://archive.org/download/mister-manuals/1991_Super%20Nintendo%20Entertainment%20System.zip/1991_Super%20Nintendo%20Entertainment%20System%2FRevolution%20X.pdf,1997931,2f1ee16822432b90420087774eee7a2e,,,Revolution X.pdf
docs/SNES/Manuals/Rex Ronan - Experimental Surgeon.pdf,https://archive.org/download/mister-manuals/1991_Super%20Nintendo%20Entertainment%20System.zip/1991_Super%20Nintendo%20Entertainment%20System%2FRex%20Ronan%20-%20Experimental%20Surgeon.pdf,920032,65b6c6b79f0dd5f5c786878f265f59e5,,,Rex Ronan - Experimental Surgeon.pdf
docs/SNES/Manuals/Riddick Bowe Boxing (Chavez).pdf,https://archive.org/download/mister-manuals/1991_Super%20Nintendo%20Entertainment%20System.zip/1991_Super%20Nintendo%20Entertainment%20System%2FRiddick%20Bowe%20Boxing%20%28Chavez%29.pdf,2096912,5f6b0bd7ff929b675e3bb83f37aea5e7,,,Riddick Bowe Boxing (Chavez).pdf
docs/SNES/Manuals/Rise of the Phoenix.pdf,https://archive.org/download/mister-manuals/1991_Super%20Nintendo%20Entertainment%20System.zip/1991_Super%20Nintendo%20Entertainment%20System%2FRise%20of%20the%20Phoenix.pdf,5168382,288552f487fd6f0631838f80a9290fd6,,,Rise of the Phoenix.pdf
docs/SNES/Manuals/Rise of the Robots.pdf,https://archive.org/download/mister-manuals/1991_Super%20Nintendo%20Entertainment%20System.zip/1991_Super%20Nintendo%20Entertainment%20System%2FRise%20of%20the%20Robots.pdf,1829235,a1bb5323594857db40a8757235c1de59,,,Rise of the Robots.pdf
docs/SNES/Manuals/Rival Turf!.pdf,https://archive.org/download/mister-manuals/1991_Super%20Nintendo%20Entertainment%20System.zip/1991_Super%20Nintendo%20Entertainment%20System%2FRival%20Turf%21.pdf,1976751,8b9c6ce3936d04469070d766d6bc705e,,,Rival Turf!.pdf
docs/SNES/Manuals/Road Riot 4WD.pdf,https://archive.org/download/mister-manuals/1991_Super%20Nintendo%20Entertainment%20System.zip/1991_Super%20Nintendo%20Entertainment%20System%2FRoad%20Riot%204WD.pdf,877438,4b2dc51bf2474135df39642a8cc51672,,,Road Riot 4WD.pdf
docs/SNES/Manuals/Road Runner's Death Valley Rally.pdf,https://archive.org/download/mister-manuals/1991_Super%20Nintendo%20Entertainment%20System.zip/1991_Super%20Nintendo%20Entertainment%20System%2FRoad%20Runner%27s%20Death%20Valley%20Rally.pdf,970485,74cab4e579109aa53cb00a096f5389f0,,,Road Runner's Death Valley Rally.pdf
docs/SNES/Manuals/RoboCop 3.pdf,https://archive.org/download/mister-manuals/1991_Super%20Nintendo%20Entertainment%20System.zip/1991_Super%20Nintendo%20Entertainment%20System%2FRoboCop%203.pdf,848161,f2cf400f87f685fc8d8f029f9f5f4f6a,,,RoboCop 3.pdf
docs/SNES/Manuals/RoboCop vs. The Terminator.pdf,https://archive.org/download/mister-manuals/1991_Super%20Nintendo%20Entertainment%20System.zip/1991_Super%20Nintendo%20Entertainment%20System%2FRoboCop%20vs.%20The%20Terminator.pdf,1528550,b4d559aaf620673990e2b123c3e3adfb,,,RoboCop vs. The Terminator.pdf
docs/SNES/Manuals/Robotrek.pdf,https://archive.org/download/mister-manuals/1991_Super%20Nintendo%20Entertainment%20System.zip/1991_Super%20Nintendo%20Entertainment%20System%2FRobotrek.pdf,2877148,20424e78790eb4cb3b2118017b522690,,,Robotrek.pdf
docs/SNES/Manuals/Rock 'n' Roll Racing.pdf,https://archive.org/download/mister-manuals/1991_Super%20Nintendo%20Entertainment%20System.zip/1991_Super%20Nintendo%20Entertainment%20System%2FRock%20%27n%27%20Roll%20Racing.pdf,2963166,d07a10d7de73b6a53ac02effb01af89b,,,Rock 'n' Roll Racing.pdf
"docs/SNES/Manuals/Rocketeer, The.pdf",https://archive.org/download/mister-manuals/1991_Super%20Nintendo%20Entertainment%20System.zip/1991_Super%20Nintendo%20Entertainment%20System%2FRocketeer%2C%20The.pdf,1562032,395d502899c05ffc9c81f5a71d35d537,,,"Rocketeer, The.pdf"
docs/SNES/Manuals/Rocko's Modern Life - Spunky's Dangerous Day.pdf,https://archive.org/download/mister-manuals/1991_Super%20Nintendo%20Entertainment%20System.zip/1991_Super%20Nintendo%20Entertainment%20System%2FRocko%27s%20Modern%20Life%20-%20Spunky%27s%20Dangerous%20Day.pdf,3050509,6eb8f672b4fddaf926e598929f2ea0a0,,,Rocko's Modern Life - Spunky's Dangerous Day.pdf
docs/SNES/Manuals/Rocky Rodent.pdf,https://archive.org/download/mister-manuals/1991_Super%20Nintendo%20Entertainment%20System.zip/1991_Super%20Nintendo%20Entertainment%20System%2FRocky%20Rodent.pdf,1299990,b847e7f3bb94e9dcf004c84e3b096c8e,,,Rocky Rodent.pdf
docs/SNES/Manuals/Roger Clemens' MVP Baseball.pdf,https://archive.org/download/mister-manuals/1991_Super%20Nintendo%20Entertainment%20System.zip/1991_Super%20Nintendo%20Entertainment%20System%2FRoger%20Clemens%27%20MVP%20Baseball.pdf,2203576,747be2ebcce4daad4a02a9448899a970,,,Roger Clemens' MVP Baseball.pdf
docs/SNES/Manuals/Romance of the Three Kingdoms II .pdf,https://archive.org/download/mister-manuals/1991_Super%20Nintendo%20Entertainment%20System.zip/1991_Super%20Nintendo%20Entertainment%20System%2FRomance%20of%20the%20Three%20Kingdoms%20II%20.pdf,3669307,4f8d8c4f8f4ca05b3bc15c439d361700,,,Romance of the Three Kingdoms II .pdf
docs/SNES/Manuals/Romance of the Three Kingdoms III - Dragon of Destiny.pdf,https://archive.org/download/mister-manuals/1991_Super%20Nintendo%20Entertainment%20System.zip/1991_Super%20Nintendo%20Entertainment%20System%2FRomance%20of%20the%20Three%20Kingdoms%20III%20-%20Dragon%20of%20Destiny.pdf,5050117,3fe5c168ca4acec0c648fb30b09de2a1,,,Romance of the Three Kingdoms III - Dragon of Destiny.pdf
docs/SNES/Manuals/Romance of the Three Kingdoms IV - Wall of Fire.pdf,https://archive.org/download/mister-manuals/1991_Super%20Nintendo%20Entertainment%20System.zip/1991_Super%20Nintendo%20Entertainment%20System%2FRomance%20of%20the%20Three%20Kingdoms%20IV%20-%20Wall%20of%20Fire.pdf,5523736,d2a414de28a4e7dea1a0bc833050f866,,,Romance of the Three Kingdoms IV - Wall of Fire.pdf
docs/SNES/Manuals/Run Saber.pdf,https://archive.org/download/mister-manuals/1991_Super%20Nintendo%20Entertainment%20System.zip/1991_Super%20Nintendo%20Entertainment%20System%2FRun%20Saber.pdf,1154545,0a67bb25093b3a5842a578660f27b633,,,Run Saber.pdf
docs/SNES/Manuals/S.O.S..pdf,https://archive.org/download/mister-manuals/1991_Super%20Nintendo%20Entertainment%20System.zip/1991_Super%20Nintendo%20Entertainment%20System%2FS.O.S..pdf,1235674,9f79149e9c937607602c611998118eb5,,,S.O.S..pdf
docs/SNES/Manuals/SWAT Kats - The Radical Squadron.pdf,https://archive.org/download/mister-manuals/1991_Super%20Nintendo%20Entertainment%20System.zip/1991_Super%20Nintendo%20Entertainment%20System%2FSWAT%20Kats%20-%20The%20Radical%20Squadron.pdf,1662076,44531af075e64b8961b07b13654605ab,,,SWAT Kats - The Radical Squadron.pdf
docs/SNES/Manuals/Samurai Shodown.pdf,https://archive.org/download/mister-manuals/1991_Super%20Nintendo%20Entertainment%20System.zip/1991_Super%20Nintendo%20Entertainment%20System%2FSamurai%20Shodown.pdf,3699476,0be8bdd1ee1a0fb053825b4f2522502d,,,Samurai Shodown.pdf
docs/SNES/Manuals/Saturday Night Slam Masters.pdf,https://archive.org/download/mister-manuals/1991_Super%20Nintendo%20Entertainment%20System.zip/1991_Super%20Nintendo%20Entertainment%20System%2FSaturday%20Night%20Slam%20Masters.pdf,1997690,ae4f0ec574b68b95a9a007ce88064263,,,Saturday Night Slam Masters.pdf
docs/SNES/Manuals/Scooby-Doo Mystery.pdf,https://archive.org/download/mister-manuals/1991_Super%20Nintendo%20Entertainment%20System.zip/1991_Super%20Nintendo%20Entertainment%20System%2FScooby-Doo%20Mystery.pdf,1141618,0c1685c438be68b3fb972f77639e0cc5,,,Scooby-Doo Mystery.pdf
docs/SNES/Manuals/SeaQuest DSV.pdf,https://archive.org/download/mister-manuals/1991_Super%20Nintendo%20Entertainment%20System.zip/1991_Super%20Nintendo%20Entertainment%20System%2FSeaQuest%20DSV.pdf,2374316,2c8279a3962486abec1b89a3ae4e089d,,,SeaQuest DSV.pdf
docs/SNES/Manuals/Secret of Evermore.pdf,https://archive.org/download/mister-manuals/1991_Super%20Nintendo%20Entertainment%20System.zip/1991_Super%20Nintendo%20Entertainment%20System%2FSecret%20of%20Evermore.pdf,3805962,a390e71a140c1c7f10ab5e58542849a1,,,Secret of Evermore.pdf
docs/SNES/Manuals/Secret of Mana.pdf,https://archive.org/download/mister-manuals/1991_Super%20Nintendo%20Entertainment%20System.zip/1991_Super%20Nintendo%20Entertainment%20System%2FSecret%20of%20Mana.pdf,5989549,1cc93b7bd4b78ebea0ecc6e630ab76ae,,,Secret of Mana.pdf
docs/SNES/Manuals/Secret of the Stars.pdf,https://archive.org/download/mister-manuals/1991_Super%20Nintendo%20Entertainment%20System.zip/1991_Super%20Nintendo%20Entertainment%20System%2FSecret%20of%20the%20Stars.pdf,2042329,eaeccbd0f63c5c3e80c2733d7c6d9ea3,,,Secret of the Stars.pdf
docs/SNES/Manuals/Shadowrun.pdf,https://archive.org/download/mister-manuals/1991_Super%20Nintendo%20Entertainment%20System.zip/1991_Super%20Nintendo%20Entertainment%20System%2FShadowrun.pdf,3495929,09722c4d13d3287ae2b46ca0839c263b,,,Shadowrun.pdf
docs/SNES/Manuals/Shanghai II - Dragon's Eye.pdf,https://archive.org/download/mister-manuals/1991_Super%20Nintendo%20Entertainment%20System.zip/1991_Super%20Nintendo%20Entertainment%20System%2FShanghai%20II%20-%20Dragon%27s%20Eye.pdf,2266596,c2efa630fdeb9e87614af806aee21dd7,,,Shanghai II - Dragon's Eye.pdf
docs/SNES/Manuals/Shaq-Fu.pdf,https://archive.org/download/mister-manuals/1991_Super%20Nintendo%20Entertainment%20System.zip/1991_Super%20Nintendo%20Entertainment%20System%2FShaq-Fu.pdf,1485582,7a63b46df7307340e83742d851170572,,,Shaq-Fu.pdf
docs/SNES/Manuals/Shien's Revenge.pdf,https://archive.org/download/mister-manuals/1991_Super%20Nintendo%20Entertainment%20System.zip/1991_Super%20Nintendo%20Entertainment%20System%2FShien%27s%20Revenge.pdf,1868821,42be91dd6eea12cc7537411d91117ada,,,Shien's Revenge.pdf
docs/SNES/Manuals/Sid Meier's Civilization.pdf,https://archive.org/download/mister-manuals/1991_Super%20Nintendo%20Entertainment%20System.zip/1991_Super%20Nintendo%20Entertainment%20System%2FSid%20Meier%27s%20Civilization.pdf,5465273,597d5242fc5495c4b23940276df5aa96,,,Sid Meier's Civilization.pdf
docs/SNES/Manuals/Side Pocket.pdf,https://archive.org/download/mister-manuals/1991_Super%20Nintendo%20Entertainment%20System.zip/1991_Super%20Nintendo%20Entertainment%20System%2FSide%20Pocket.pdf,1209960,2b9ccb5fcc06525be6530dfc37894c40,,,Side Pocket.pdf
docs/SNES/Manuals/SimAnt - The Electronic Ant Colony.pdf,https://archive.org/download/mister-manuals/1991_Super%20Nintendo%20Entertainment%20System.zip/1991_Super%20Nintendo%20Entertainment%20System%2FSimAnt%20-%20The%20Electronic%20Ant%20Colony.pdf,3142608,9f4975b4a5c71d094496e90e6d29b5ac,,,SimAnt - The Electronic Ant Colony.pdf
docs/SNES/Manuals/SimCity .pdf,https://archive.org/download/mister-manuals/1991_Super%20Nintendo%20Entertainment%20System.zip/1991_Super%20Nintendo%20Entertainment%20System%2FSimCity%20.pdf,8545971,0cce7c9687023d4ffdc46049bf297aee,,,SimCity .pdf
docs/SNES/Manuals/SimCity 2000.pdf,https://archive.org/download/mister-manuals/1991_Super%20Nintendo%20Entertainment%20System.zip/1991_Super%20Nintendo%20Entertainment%20System%2FSimCity%202000.pdf,3492032,dabefa26264c7b58692973602fa46bfa,,,SimCity 2000.pdf
docs/SNES/Manuals/SimEarth - The Living Planet.pdf,https://archive.org/download/mister-manuals/1991_Super%20Nintendo%20Entertainment%20System.zip/1991_Super%20Nintendo%20Entertainment%20System%2FSimEarth%20-%20The%20Living%20Planet.pdf,3156907,4c9cf1faa0d08ae2f752913d13117969,,,SimEarth - The Living Planet.pdf
"docs/SNES/Manuals/Simpsons, The - Bart's Nightmare.pdf",https://archive.org/download/mister-manuals/1991_Super%20Nintendo%20Entertainment%20System.zip/1991_Super%20Nintendo%20Entertainment%20System%2FSimpsons%2C%20The%20-%20Bart%27s%20Nightmare.pdf,2688710,2fa52450ddecfac794f9155b5e94a3d6,,,"Simpsons, The - Bart's Nightmare.pdf"
docs/SNES/Manuals/Sink or Swim.pdf,https://archive.org/download/mister-manuals/1991_Super%20Nintendo%20Entertainment%20System.zip/1991_Super%20Nintendo%20Entertainment%20System%2FSink%20or%20Swim.pdf,881176,23f0ce7df3d8824b9b7648621ac1e356,,,Sink or Swim.pdf
docs/SNES/Manuals/Skuljagger - Revolt of the Westicans.pdf,https://archive.org/download/mister-manuals/1991_Super%20Nintendo%20Entertainment%20System.zip/1991_Super%20Nintendo%20Entertainment%20System%2FSkuljagger%20-%20Revolt%20of%20the%20Westicans.pdf,7461274,f8aca2b40653bdf511251973a5b7cccc,,,Skuljagger - Revolt of the Westicans.pdf
docs/SNES/Manuals/SkyBlazer.pdf,https://archive.org/download/mister-manuals/1991_Super%20Nintendo%20Entertainment%20System.zip/1991_Super%20Nintendo%20Entertainment%20System%2FSkyBlazer.pdf,1263405,b3ca927a2e87a4b038bd1813ab2f5549,,,SkyBlazer.pdf
docs/SNES/Manuals/Smart Ball.pdf,https://archive.org/download/mister-manuals/1991_Super%20Nintendo%20Entertainment%20System.zip/1991_Super%20Nintendo%20Entertainment%20System%2FSmart%20Ball.pdf,1587133,61b83e5f4645d63f75151601368d9137,,,Smart Ball.pdf
docs/SNES/Manuals/Smash Tennis.pdf,https://archive.org/download/mister-manuals/1991_Super%20Nintendo%20Entertainment%20System.zip/1991_Super%20Nintendo%20Entertainment%20System%2FSmash%20Tennis.pdf,1423857,be03a87b25581f27870023111f4f3afc,,,Smash Tennis.pdf
"docs/SNES/Manuals/Smurfs Travel the World, The.pdf",https://archive.org/download/mister-manuals/1991_Super%20Nintendo%20Entertainment%20System.zip/1991_Super%20Nintendo%20Entertainment%20System%2FSmurfs%20Travel%20the%20World%2C%20The.pdf,1337365,01b84a1cabfaa6432a7aa1c377ec5786,,,"Smurfs Travel the World, The.pdf"
"docs/SNES/Manuals/Smurfs, The.pdf",https://archive.org/download/mister-manuals/1991_Super%20Nintendo%20Entertainment%20System.zip/1991_Super%20Nintendo%20Entertainment%20System%2FSmurfs%2C%20The.pdf,2259199,c25b9d6ea0927d1477aaf2ac3fa43ebc,,,"Smurfs, The.pdf"
docs/SNES/Manuals/Snow White in Happily Ever After.pdf,https://archive.org/download/mister-manuals/1991_Super%20Nintendo%20Entertainment%20System.zip/1991_Super%20Nintendo%20Entertainment%20System%2FSnow%20White%20in%20Happily%20Ever%20After.pdf,1769039,93d544183a042766cfc896247c77ab9c,,,Snow White in Happily Ever After.pdf
docs/SNES/Manuals/Soldiers of Fortune.pdf,https://archive.org/download/mister-manuals/1991_Super%20Nintendo%20Entertainment%20System.zip/1991_Super%20Nintendo%20Entertainment%20System%2FSoldiers%20of%20Fortune.pdf,3019505,4ddc0fafeea88b2b745abde102885217,,,Soldiers of Fortune.pdf
docs/SNES/Manuals/Sonic Blast Man .pdf,https://archive.org/download/mister-manuals/1991_Super%20Nintendo%20Entertainment%20System.zip/1991_Super%20Nintendo%20Entertainment%20System%2FSonic%20Blast%20Man%20.pdf,1248938,67ebbb8ccf9ca9ee8f508c91dd0dd5a2,,,Sonic Blast Man .pdf
docs/SNES/Manuals/Sonic Blast Man II.pdf,https://archive.org/download/mister-manuals/1991_Super%20Nintendo%20Entertainment%20System.zip/1991_Super%20Nintendo%20Entertainment%20System%2FSonic%20Blast%20Man%20II.pdf,1232967,9c4bc2b60f30813266ef6ed5b66381d9,,,Sonic Blast Man II.pdf
docs/SNES/Manuals/Soul Blazer.pdf,https://archive.org/download/mister-manuals/1991_Super%20Nintendo%20Entertainment%20System.zip/1991_Super%20Nintendo%20Entertainment%20System%2FSoul%20Blazer.pdf,3232133,f5beb5e989549c5382c5527b76b9fa2b,,,Soul Blazer.pdf
docs/SNES/Manuals/Space Ace.pdf,https://archive.org/download/mister-manuals/1991_Super%20Nintendo%20Entertainment%20System.zip/1991_Super%20Nintendo%20Entertainment%20System%2FSpace%20Ace.pdf,870407,cf240fa6981d7808710885a5f966089c,,,Space Ace.pdf
docs/SNES/Manuals/Space Football - One-on-One.pdf,https://archive.org/download/mister-manuals/1991_Super%20Nintendo%20Entertainment%20System.zip/1991_Super%20Nintendo%20Entertainment%20System%2FSpace%20Football%20-%20One-on-One.pdf,1000426,bd953ab0aa31c61f7b86891d6e774ccd,,,Space Football - One-on-One.pdf
docs/SNES/Manuals/Space Invaders.pdf,https://archive.org/download/mister-manuals/1991_Super%20Nintendo%20Entertainment%20System.zip/1991_Super%20Nintendo%20Entertainment%20System%2FSpace%20Invaders.pdf,815086,ac1483ca49385e649b495e96b349fcf6,,,Space Invaders.pdf
docs/SNES/Manuals/Space Megaforce.pdf,https://archive.org/download/mister-manuals/1991_Super%20Nintendo%20Entertainment%20System.zip/1991_Super%20Nintendo%20Entertainment%20System%2FSpace%20Megaforce.pdf,2187888,1688975bf22bd152d64c7ba3113707ac,,,Space Megaforce.pdf
docs/SNES/Manuals/Spanky's Quest.pdf,https://archive.org/download/mister-manuals/1991_Super%20Nintendo%20Entertainment%20System.zip/1991_Super%20Nintendo%20Entertainment%20System%2FSpanky%27s%20Quest.pdf,1213548,f63f0632279835b7cddec14176397926,,,Spanky's Quest.pdf
docs/SNES/Manuals/Sparkster.pdf,https://archive.org/download/mister-manuals/1991_Super%20Nintendo%20Entertainment%20System.zip/1991_Super%20Nintendo%20Entertainment%20System%2FSparkster.pdf,1292598,7aff356d7ec183e30dc105b858834ce2,,,Sparkster.pdf
docs/SNES/Manuals/Spawn - The Video Game.pdf,https://archive.org/download/mister-manuals/1991_Super%20Nintendo%20Entertainment%20System.zip/1991_Super%20Nintendo%20Entertainment%20System%2FSpawn%20-%20The%20Video%20Game.pdf,2130441,5fc80100708040fbbc5b6d3345dc7945,,,Spawn - The Video Game.pdf
docs/SNES/Manuals/Spectre.pdf,https://archive.org/download/mister-manuals/1991_Super%20Nintendo%20Entertainment%20System.zip/1991_Super%20Nintendo%20Entertainment%20System%2FSpectre.pdf,1604547,6db697bf8fe86f0eb1c1f9370f618f85,,,Spectre.pdf
docs/SNES/Manuals/Speed Racer in My Most Dangerous Adventures.pdf,https://archive.org/download/mister-manuals/1991_Super%20Nintendo%20Entertainment%20System.zip/1991_Super%20Nintendo%20Entertainment%20System%2FSpeed%20Racer%20in%20My%20Most%20Dangerous%20Adventures.pdf,3356188,eaa5a2d6367708a65cf575d2006447e4,,,Speed Racer in My Most Dangerous Adventures.pdf
docs/SNES/Manuals/Speedy Gonzales - Los Gatos Bandidos.pdf,https://archive.org/download/mister-manuals/1991_Super%20Nintendo%20Entertainment%20System.zip/1991_Super%20Nintendo%20Entertainment%20System%2FSpeedy%20Gonzales%20-%20Los%20Gatos%20Bandidos.pdf,1170899,9875cec7047a37730ebcf0e5913ffd43,,,Speedy Gonzales - Los Gatos Bandidos.pdf
docs/SNES/Manuals/Spider-Man & Venom - Maximum Carnage.pdf,https://archive.org/download/mister-manuals/1991_Super%20Nintendo%20Entertainment%20System.zip/1991_Super%20Nintendo%20Entertainment%20System%2FSpider-Man%20%26%20Venom%20-%20Maximum%20Carnage.pdf,2356423,9384682a3438f6f09a4794d3126f535f,,,Spider-Man & Venom - Maximum Carnage.pdf
docs/SNES/Manuals/Spider-Man & the X-Men in Arcade's Revenge.pdf,https://archive.org/download/mister-manuals/1991_Super%20Nintendo%20Entertainment%20System.zip/1991_Super%20Nintendo%20Entertainment%20System%2FSpider-Man%20%26%20the%20X-Men%20in%20Arcade%27s%20Revenge.pdf,3122081,722b5fe5e8afb0da8d84482b9045d7b3,,,Spider-Man & the X-Men in Arcade's Revenge.pdf
docs/SNES/Manuals/Spider-Man - The Animated Series.pdf,https://archive.org/download/mister-manuals/1991_Super%20Nintendo%20Entertainment%20System.zip/1991_Super%20Nintendo%20Entertainment%20System%2FSpider-Man%20-%20The%20Animated%20Series.pdf,3090279,ac8c03d79a8bfdf3eda028c5a76ba831,,,Spider-Man - The Animated Series.pdf
docs/SNES/Manuals/Spindizzy Worlds.pdf,https://archive.org/download/mister-manuals/1991_Super%20Nintendo%20Entertainment%20System.zip/1991_Super%20Nintendo%20Entertainment%20System%2FSpindizzy%20Worlds.pdf,2376739,61d01e0382817b6436b9f03e86949fd2,,,Spindizzy Worlds.pdf
"docs/SNES/Manuals/Sporting News, The - Power Baseball.pdf",https://archive.org/download/mister-manuals/1991_Super%20Nintendo%20Entertainment%20System.zip/1991_Super%20Nintendo%20Entertainment%20System%2FSporting%20News%2C%20The%20-%20Power%20Baseball.pdf,1693941,ab3d133734907e49787fba45cce03440,,,"Sporting News, The - Power Baseball.pdf"
docs/SNES/Manuals/Sports Illustrated - Championship Football & Baseball.pdf,https://archive.org/download/mister-manuals/1991_Super%20Nintendo%20Entertainment%20System.zip/1991_Super%20Nintendo%20Entertainment%20System%2FSports%20Illustrated%20-%20Championship%20Football%20%26%20Baseball.pdf,1150504,9d7831f4bcfafab2f873186ed6e68fc0,,,Sports Illustrated - Championship Football & Baseball.pdf
docs/SNES/Manuals/Star Fox .pdf,https://archive.org/download/mister-manuals/1991_Super%20Nintendo%20Entertainment%20System.zip/1991_Super%20Nintendo%20Entertainment%20System%2FStar%20Fox%20.pdf,2027318,fe0437d559a6324f7684fda4ae660085,,,Star Fox .pdf
docs/SNES/Manuals/Star Fox 2.pdf,https://archive.org/download/mister-manuals/1991_Super%20Nintendo%20Entertainment%20System.zip/1991_Super%20Nintendo%20Entertainment%20System%2FStar%20Fox%202.pdf,2664838,4cc95c0648fcf259b5bd66c970b8e564,,,Star Fox 2.pdf
docs/SNES/Manuals/Star Trek - Deep Space Nine - The Crossroads of Time.pdf,https://archive.org/download/mister-manuals/1991_Super%20Nintendo%20Entertainment%20System.zip/1991_Super%20Nintendo%20Entertainment%20System%2FStar%20Trek%20-%20Deep%20Space%20Nine%20-%20The%20Crossroads%20of%20Time.pdf,1602090,b0ff8d60ee29b91cd211ac27caa51b4c,,,Star Trek - Deep Space Nine - The Crossroads of Time.pdf
docs/SNES/Manuals/Star Trek - Starfleet Academy - Starship Bridge Simulator.pdf,https://archive.org/download/mister-manuals/1991_Super%20Nintendo%20Entertainment%20System.zip/1991_Super%20Nintendo%20Entertainment%20System%2FStar%20Trek%20-%20Starfleet%20Academy%20-%20Starship%20Bridge%20Simulator.pdf,1901073,478e466de93cf98ec81f70acda65d907,,,Star Trek - Starfleet Academy - Starship Bridge Simulator.pdf
docs/SNES/Manuals/Star Trek - The Next Generation - Future's Past.pdf,https://archive.org/download/mister-manuals/1991_Super%20Nintendo%20Entertainment%20System.zip/1991_Super%20Nintendo%20Entertainment%20System%2FStar%20Trek%20-%20The%20Next%20Generation%20-%20Future%27s%20Past.pdf,2625496,1281c58ca8b75ca3f0001a269c52ff17,,,Star Trek - The Next Generation - Future's Past.pdf
docs/SNES/Manuals/Stargate.pdf,https://archive.org/download/mister-manuals/1991_Super%20Nintendo%20Entertainment%20System.zip/1991_Super%20Nintendo%20Entertainment%20System%2FStargate.pdf,3141115,3e089fe37a687391cefe4a5344b85476,,,Stargate.pdf
docs/SNES/Manuals/Steel Talons.pdf,https://archive.org/download/mister-manuals/1991_Super%20Nintendo%20Entertainment%20System.zip/1991_Super%20Nintendo%20Entertainment%20System%2FSteel%20Talons.pdf,1371731,d9c4ab959de8e72e496a538f214b4b60,,,Steel Talons.pdf
docs/SNES/Manuals/Sterling Sharpe - End 2 End.pdf,https://archive.org/download/mister-manuals/1991_Super%20Nintendo%20Entertainment%20System.zip/1991_Super%20Nintendo%20Entertainment%20System%2FSterling%20Sharpe%20-%20End%202%20End.pdf,1693106,2d12089dc4a3b47b05d73325c9737bc1,,,Sterling Sharpe - End 2 End.pdf
docs/SNES/Manuals/Stone Protectors.pdf,https://archive.org/download/mister-manuals/1991_Super%20Nintendo%20Entertainment%20System.zip/1991_Super%20Nintendo%20Entertainment%20System%2FStone%20Protectors.pdf,1351623,66a108a69d38844c35d46fc53a4d7ef1,,,Stone Protectors.pdf
docs/SNES/Manuals/Street Combat.pdf,https://archive.org/download/mister-manuals/1991_Super%20Nintendo%20Entertainment%20System.zip/1991_Super%20Nintendo%20Entertainment%20System%2FStreet%20Combat.pdf,1544605,b108c83084beeea8b5eed341572111ff,,,Street Combat.pdf
docs/SNES/Manuals/Street Fighter Alpha 2.pdf,https://archive.org/download/mister-manuals/1991_Super%20Nintendo%20Entertainment%20System.zip/1991_Super%20Nintendo%20Entertainment%20System%2FStreet%20Fighter%20Alpha%202.pdf,2306971,980c7a4b8f0de0a8b34b1888b7c290c6,,,Street Fighter Alpha 2.pdf
docs/SNES/Manuals/Street Fighter II - The World Warrior.pdf,https://archive.org/download/mister-manuals/1991_Super%20Nintendo%20Entertainment%20System.zip/1991_Super%20Nintendo%20Entertainment%20System%2FStreet%20Fighter%20II%20-%20The%20World%20Warrior.pdf,2219699,25dc33ea72dc75e450c9561e30d928f7,,,Street Fighter II - The World Warrior.pdf
docs/SNES/Manuals/Street Fighter II Turbo - Hyper Fighting.pdf,https://archive.org/download/mister-manuals/1991_Super%20Nintendo%20Entertainment%20System.zip/1991_Super%20Nintendo%20Entertainment%20System%2FStreet%20Fighter%20II%20Turbo%20-%20Hyper%20Fighting.pdf,2624850,6fd2b4bc19e52f840e6c688216b31a7f,,,Street Fighter II Turbo - Hyper Fighting.pdf
docs/SNES/Manuals/Street Hockey '95.pdf,https://archive.org/download/mister-manuals/1991_Super%20Nintendo%20Entertainment%20System.zip/1991_Super%20Nintendo%20Entertainment%20System%2FStreet%20Hockey%20%2795.pdf,2036594,b0f9040e484a15b08a37821da92fbb74,,,Street Hockey '95.pdf
docs/SNES/Manuals/Street Racer.pdf,https://archive.org/download/mister-manuals/1991_Super%20Nintendo%20Entertainment%20System.zip/1991_Super%20Nintendo%20Entertainment%20System%2FStreet%20Racer.pdf,2105630,dcdec329735108287232da5b0a67f7ac,,,Street Racer.pdf
docs/SNES/Manuals/Strike Gunner S.T.G..pdf,https://archive.org/download/mister-manuals/1991_Super%20Nintendo%20Entertainment%20System.zip/1991_Super%20Nintendo%20Entertainment%20System%2FStrike%20Gunner%20S.T.G..pdf,1302655,c88b7fb4198afd8d61bde9b1e13727ca,,,Strike Gunner S.T.G..pdf
docs/SNES/Manuals/Stunt Race FX.pdf,https://archive.org/download/mister-manuals/1991_Super%20Nintendo%20Entertainment%20System.zip/1991_Super%20Nintendo%20Entertainment%20System%2FStunt%20Race%20FX.pdf,2915694,17d3262ea8c1c19b1440120eaff75311,,,Stunt Race FX.pdf
docs/SNES/Manuals/Sunset Riders.pdf,https://archive.org/download/mister-manuals/1991_Super%20Nintendo%20Entertainment%20System.zip/1991_Super%20Nintendo%20Entertainment%20System%2FSunset%20Riders.pdf,948367,791d96f0e93e3a6f75b1277ab86218fc,,,Sunset Riders.pdf
docs/SNES/Manuals/Super Adventure Island .pdf,https://archive.org/download/mister-manuals/1991_Super%20Nintendo%20Entertainment%20System.zip/1991_Super%20Nintendo%20Entertainment%20System%2FSuper%20Adventure%20Island%20.pdf,897734,5f445cd959825cd3bdb0eff14fdd148f,,,Super Adventure Island .pdf
docs/SNES/Manuals/Super Adventure Island II.pdf,https://archive.org/download/mister-manuals/1991_Super%20Nintendo%20Entertainment%20System.zip/1991_Super%20Nintendo%20Entertainment%20System%2FSuper%20Adventure%20Island%20II.pdf,1968852,26fa6afb121f30170ff51844232d590f,,,Super Adventure Island II.pdf
docs/SNES/Manuals/Super Alfred Chicken.pdf,https://archive.org/download/mister-manuals/1991_Super%20Nintendo%20Entertainment%20System.zip/1991_Super%20Nintendo%20Entertainment%20System%2FSuper%20Alfred%20Chicken.pdf,966641,a27d136a49f667dd3d5892fefb08d438,,,Super Alfred Chicken.pdf
"docs/SNES/Manuals/Super Aquatic Games starring the Aquabats, The.pdf",https://archive.org/download/mister-manuals/1991_Super%20Nintendo%20Entertainment%20System.zip/1991_Super%20Nintendo%20Entertainment%20System%2FSuper%20Aquatic%20Games%20starring%20the%20Aquabats%2C%20The.pdf,1362206,7f922ee0bf5d9308838c3d33efe07f15,,,"Super Aquatic Games starring the Aquabats, The.pdf"
docs/SNES/Manuals/Super Baseball Simulator 1.000.pdf,https://archive.org/download/mister-manuals/1991_Super%20Nintendo%20Entertainment%20System.zip/1991_Super%20Nintendo%20Entertainment%20System%2FSuper%20Baseball%20Simulator%201.000.pdf,2348013,331ca3633e48e4166a7645149673bc20,,,Super Baseball Simulator 1.000.pdf
docs/SNES/Manuals/Super Bases Loaded .pdf,https://archive.org/download/mister-manuals/1991_Super%20Nintendo%20Entertainment%20System.zip/1991_Super%20Nintendo%20Entertainment%20System%2FSuper%20Bases%20Loaded%20.pdf,2755927,b66a30ed557d033034f8874a224f3385,,,Super Bases Loaded .pdf
docs/SNES/Manuals/Super Bases Loaded 2.pdf,https://archive.org/download/mister-manuals/1991_Super%20Nintendo%20Entertainment%20System.zip/1991_Super%20Nintendo%20Entertainment%20System%2FSuper%20Bases%20Loaded%202.pdf,2276279,bb43bd87f270c71102e418203a0e79cd,,,Super Bases Loaded 2.pdf
docs/SNES/Manuals/Super Bases Loaded 3 - License to Steal.pdf,https://archive.org/download/mister-manuals/1991_Super%20Nintendo%20Entertainment%20System.zip/1991_Super%20Nintendo%20Entertainment%20System%2FSuper%20Bases%20Loaded%203%20-%20License%20to%20Steal.pdf,2142280,7647ede6bcc9611cc71e40d4e48b822e,,,Super Bases Loaded 3 - License to Steal.pdf
docs/SNES/Manuals/Super Batter Up.pdf,https://archive.org/download/mister-manuals/1991_Super%20Nintendo%20Entertainment%20System.zip/1991_Super%20Nintendo%20Entertainment%20System%2FSuper%20Batter%20Up.pdf,1961710,cae28aa9c6e5816a85d6eae99ba69062,,,Super Batter Up.pdf
docs/SNES/Manuals/Super Battleship.pdf,https://archive.org/download/mister-manuals/1991_Super%20Nintendo%20Entertainment%20System.zip/1991_Super%20Nintendo%20Entertainment%20System%2FSuper%20Battleship.pdf,1181929,54cff757aa287d46d9394d16fd3d9125,,,Super Battleship.pdf
docs/SNES/Manuals/Super Battletank - War in the Gulf.pdf,https://archive.org/download/mister-manuals/1991_Super%20Nintendo%20Entertainment%20System.zip/1991_Super%20Nintendo%20Entertainment%20System%2FSuper%20Battletank%20-%20War%20in%20the%20Gulf.pdf,1404463,b759f3a6657d587b4b867e885710ad09,,,Super Battletank - War in the Gulf.pdf
docs/SNES/Manuals/Super Battletank 2.pdf,https://archive.org/download/mister-manuals/1991_Super%20Nintendo%20Entertainment%20System.zip/1991_Super%20Nintendo%20Entertainment%20System%2FSuper%20Battletank%202.pdf,1790205,48859d67655aa83a115c915b30003ece,,,Super Battletank 2.pdf
docs/SNES/Manuals/Super Black Bass.pdf,https://archive.org/download/mister-manuals/1991_Super%20Nintendo%20Entertainment%20System.zip/1991_Super%20Nintendo%20Entertainment%20System%2FSuper%20Black%20Bass.pdf,2260194,ade5e812ece2e34e0b51bf99ecacb52d,,,Super Black Bass.pdf
docs/SNES/Manuals/Super Bomberman .pdf,https://archive.org/download/mister-manuals/1991_Super%20Nintendo%20Entertainment%20System.zip/1991_Super%20Nintendo%20Entertainment%20System%2FSuper%20Bomberman%20.pdf,2604783,4458a83764170aa7e8cddc88617d6e74,,,Super Bomberman .pdf
docs/SNES/Manuals/Super Bomberman 2.pdf,https://archive.org/download/mister-manuals/1991_Super%20Nintendo%20Entertainment%20System.zip/1991_Super%20Nintendo%20Entertainment%20System%2FSuper%20Bomberman%202.pdf,1637161,4fe339db2800e4f99c08900d5efc5958,,,Super Bomberman 2.pdf
docs/SNES/Manuals/Super Bomberman 3.pdf,https://archive.org/download/mister-manuals/1991_Super%20Nintendo%20Entertainment%20System.zip/1991_Super%20Nintendo%20Entertainment%20System%2FSuper%20Bomberman%203.pdf,1866371,9ce511de7b224c5dde37772d2ea3d92e,,,Super Bomberman 3.pdf
docs/SNES/Manuals/Super Bonk.pdf,https://archive.org/download/mister-manuals/1991_Super%20Nintendo%20Entertainment%20System.zip/1991_Super%20Nintendo%20Entertainment%20System%2FSuper%20Bonk.pdf,1224831,6a5745f068d9ae365136fd4768089fc0,,,Super Bonk.pdf
docs/SNES/Manuals/Super Bowling.pdf,https://archive.org/download/mister-manuals/1991_Super%20Nintendo%20Entertainment%20System.zip/1991_Super%20Nintendo%20Entertainment%20System%2FSuper%20Bowling.pdf,1390457,c9a1ae845ceec89d080c6e2e62be0036,,,Super Bowling.pdf
docs/SNES/Manuals/Super Buster Bros..pdf,https://archive.org/download/mister-manuals/1991_Super%20Nintendo%20Entertainment%20System.zip/1991_Super%20Nintendo%20Entertainment%20System%2FSuper%20Buster%20Bros..pdf,917550,e8c0e935e2ff2fb0c00abd515e0e27d9,,,Super Buster Bros..pdf
docs/SNES/Manuals/Super Caesars Palace.pdf,https://archive.org/download/mister-manuals/1991_Super%20Nintendo%20Entertainment%20System.zip/1991_Super%20Nintendo%20Entertainment%20System%2FSuper%20Caesars%20Palace.pdf,2559224,2dee378226ceb365cd2c89e72ecae99a,,,Super Caesars Palace.pdf
docs/SNES/Manuals/Super Castlevania IV.pdf,https://archive.org/download/mister-manuals/1991_Super%20Nintendo%20Entertainment%20System.zip/1991_Super%20Nintendo%20Entertainment%20System%2FSuper%20Castlevania%20IV.pdf,1162052,6c603c82aadd155b62ba4bc0278d1660,,,Super Castlevania IV.pdf
docs/SNES/Manuals/Super Chase H.Q..pdf,https://archive.org/download/mister-manuals/1991_Super%20Nintendo%20Entertainment%20System.zip/1991_Super%20Nintendo%20Entertainment%20System%2FSuper%20Chase%20H.Q..pdf,1371969,3ec96a7bc59a5364c9e4d2308fa432dd,,,Super Chase H.Q..pdf
docs/SNES/Manuals/Super Conflict - The Mideast.pdf,https://archive.org/download/mister-manuals/1991_Super%20Nintendo%20Entertainment%20System.zip/1991_Super%20Nintendo%20Entertainment%20System%2FSuper%20Conflict%20-%20The%20Mideast.pdf,1907187,7b0a7edba5e9fc2526f35523dc6b0d06,,,Super Conflict - The Mideast.pdf
docs/SNES/Manuals/Super Double Dragon.pdf,https://archive.org/download/mister-manuals/1991_Super%20Nintendo%20Entertainment%20System.zip/1991_Super%20Nintendo%20Entertainment%20System%2FSuper%20Double%20Dragon.pdf,1420022,0e9543fe3070bce5d197d65f9272c301,,,Super Double Dragon.pdf
docs/SNES/Manuals/Super Dropzone.pdf,https://archive.org/download/mister-manuals/1991_Super%20Nintendo%20Entertainment%20System.zip/1991_Super%20Nintendo%20Entertainment%20System%2FSuper%20Dropzone.pdf,1875545,d34dad5d12c66d346c58c89b0ffdee6a,,,Super Dropzone.pdf
docs/SNES/Manuals/Super Ghouls 'n Ghosts.pdf,https://archive.org/download/mister-manuals/1991_Super%20Nintendo%20Entertainment%20System.zip/1991_Super%20Nintendo%20Entertainment%20System%2FSuper%20Ghouls%20%27n%20Ghosts.pdf,1175477,c9755d3b4596260351d2da14d0d21205,,,Super Ghouls 'n Ghosts.pdf
docs/SNES/Manuals/Super Goal! 2.pdf,https://archive.org/download/mister-manuals/1991_Super%20Nintendo%20Entertainment%20System.zip/1991_Super%20Nintendo%20Entertainment%20System%2FSuper%20Goal%21%202.pdf,1922114,22bb6a7ce473db21f9eb8f9bc472a343,,,Super Goal! 2.pdf
docs/SNES/Manuals/Super Godzilla.pdf,https://archive.org/download/mister-manuals/1991_Super%20Nintendo%20Entertainment%20System.zip/1991_Super%20Nintendo%20Entertainment%20System%2FSuper%20Godzilla.pdf,2365865,72481ca2673cec1bed6635888d18f95e,,,Super Godzilla.pdf
docs/SNES/Manuals/Super High Impact.pdf,https://archive.org/download/mister-manuals/1991_Super%20Nintendo%20Entertainment%20System.zip/1991_Super%20Nintendo%20Entertainment%20System%2FSuper%20High%20Impact.pdf,3044573,bcc636e20d2011c198d155b1d30939e3,,,Super High Impact.pdf
docs/SNES/Manuals/Super Ice Hockey.pdf,https://archive.org/download/mister-manuals/1991_Super%20Nintendo%20Entertainment%20System.zip/1991_Super%20Nintendo%20Entertainment%20System%2FSuper%20Ice%20Hockey.pdf,2111947,541086d738d12a52c4d7d92675f92440,,,Super Ice Hockey.pdf
docs/SNES/Manuals/Super International Cricket.pdf,https://archive.org/download/mister-manuals/1991_Super%20Nintendo%20Entertainment%20System.zip/1991_Super%20Nintendo%20Entertainment%20System%2FSuper%20International%20Cricket.pdf,1911697,a925dc717ef469cff9922675a8af5c8e,,,Super International Cricket.pdf
docs/SNES/Manuals/Super James Pond.pdf,https://archive.org/download/mister-manuals/1991_Super%20Nintendo%20Entertainment%20System.zip/1991_Super%20Nintendo%20Entertainment%20System%2FSuper%20James%20Pond.pdf,915554,aa6980386a8d1fe063d718ee6efca3c6,,,Super James Pond.pdf
docs/SNES/Manuals/Super Mario All-Stars + Super Mario World.pdf,https://archive.org/download/mister-manuals/1991_Super%20Nintendo%20Entertainment%20System.zip/1991_Super%20Nintendo%20Entertainment%20System%2FSuper%20Mario%20All-Stars%20%2B%20Super%20Mario%20World.pdf,5010135,2c57ea67042b4224e580be4bec80a1c5,,,Super Mario All-Stars + Super Mario World.pdf
docs/SNES/Manuals/Super Mario All-Stars .pdf,https://archive.org/download/mister-manuals/1991_Super%20Nintendo%20Entertainment%20System.zip/1991_Super%20Nintendo%20Entertainment%20System%2FSuper%20Mario%20All-Stars%20.pdf,2628812,8a09f0f0e2a9e9f721bfaa31e6920c6d,,,Super Mario All-Stars .pdf
docs/SNES/Manuals/Super Mario Kart.pdf,https://archive.org/download/mister-manuals/1991_Super%20Nintendo%20Entertainment%20System.zip/1991_Super%20Nintendo%20Entertainment%20System%2FSuper%20Mario%20Kart.pdf,2519325,1779ddd6e5bdbb7d398b37f3e988d1b8,,,Super Mario Kart.pdf
docs/SNES/Manuals/Super Mario RPG - Legend of the Seven Stars.pdf,https://archive.org/download/mister-manuals/1991_Super%20Nintendo%20Entertainment%20System.zip/1991_Super%20Nintendo%20Entertainment%20System%2FSuper%20Mario%20RPG%20-%20Legend%20of%20the%20Seven%20Stars.pdf,4236281,c365b887a2762951115dccb58af604fa,,,Super Mario RPG - Legend of the Seven Stars.pdf
docs/SNES/Manuals/Super Mario World .pdf,https://archive.org/download/mister-manuals/1991_Super%20Nintendo%20Entertainment%20System.zip/1991_Super%20Nintendo%20Entertainment%20System%2FSuper%20Mario%20World%20.pdf,2620019,8699b7e60387fb3f605d03f252fc4d25,,,Super Mario World .pdf
docs/SNES/Manuals/Super Mario World 2 - Yoshi's Island.pdf,https://archive.org/download/mister-manuals/1991_Super%20Nintendo%20Entertainment%20System.zip/1991_Super%20Nintendo%20Entertainment%20System%2FSuper%20Mario%20World%202%20-%20Yoshi%27s%20Island.pdf,1765170,45bda0c4d5573b497e5cf36804e5b260,,,Super Mario World 2 - Yoshi's Island.pdf
docs/SNES/Manuals/Super Metroid.pdf,https://archive.org/download/mister-manuals/1991_Super%20Nintendo%20Entertainment%20System.zip/1991_Super%20Nintendo%20Entertainment%20System%2FSuper%20Metroid.pdf,2487089,81df758d0d5f06eedd436608adea6acf,,,Super Metroid.pdf
docs/SNES/Manuals/Super Morph.pdf,https://archive.org/download/mister-manuals/1991_Super%20Nintendo%20Entertainment%20System.zip/1991_Super%20Nintendo%20Entertainment%20System%2FSuper%20Morph.pdf,1383239,0020abadb8a95aaa44fa25d57232e3c5,,,Super Morph.pdf
docs/SNES/Manuals/Super NES Super Scope 6.pdf,https://archive.org/download/mister-manuals/1991_Super%20Nintendo%20Entertainment%20System.zip/1991_Super%20Nintendo%20Entertainment%20System%2FSuper%20NES%20Super%20Scope%206.pdf,2120718,430db132665d43f92f254b27995b85c4,,,Super NES Super Scope 6.pdf
docs/SNES/Manuals/Super Ninja Boy.pdf,https://archive.org/download/mister-manuals/1991_Super%20Nintendo%20Entertainment%20System.zip/1991_Super%20Nintendo%20Entertainment%20System%2FSuper%20Ninja%20Boy.pdf,2023723,307b59c1910dd8ee5baa6a48093c4672,,,Super Ninja Boy.pdf
docs/SNES/Manuals/Super Noah's Ark 3D.pdf,https://archive.org/download/mister-manuals/1991_Super%20Nintendo%20Entertainment%20System.zip/1991_Super%20Nintendo%20Entertainment%20System%2FSuper%20Noah%27s%20Ark%203D.pdf,1549654,f75d7cbd291c8c469e1a66a8d76b60ce,,,Super Noah's Ark 3D.pdf
docs/SNES/Manuals/Super Nova.pdf,https://archive.org/download/mister-manuals/1991_Super%20Nintendo%20Entertainment%20System.zip/1991_Super%20Nintendo%20Entertainment%20System%2FSuper%20Nova.pdf,1129912,0949b628b445250c72928c5542946558,,,Super Nova.pdf
docs/SNES/Manuals/Super Off Road - The Baja.pdf,https://archive.org/download/mister-manuals/1991_Super%20Nintendo%20Entertainment%20System.zip/1991_Super%20Nintendo%20Entertainment%20System%2FSuper%20Off%20Road%20-%20The%20Baja.pdf,2438240,99070a2748b9c43e0b9af40de9e572a1,,,Super Off Road - The Baja.pdf
docs/SNES/Manuals/Super Off Road .pdf,https://archive.org/download/mister-manuals/1991_Super%20Nintendo%20Entertainment%20System.zip/1991_Super%20Nintendo%20Entertainment%20System%2FSuper%20Off%20Road%20.pdf,934516,e1b18d7f13a4ee2092292605ec7512c1,,,Super Off Road .pdf
docs/SNES/Manuals/Super Pinball - Behind the Mask.pdf,https://archive.org/download/mister-manuals/1991_Super%20Nintendo%20Entertainment%20System.zip/1991_Super%20Nintendo%20Entertainment%20System%2FSuper%20Pinball%20-%20Behind%20the%20Mask.pdf,1259334,da52ed8bd331d540c685d62d66c74e60,,,Super Pinball - Behind the Mask.pdf
docs/SNES/Manuals/Super Play Action Football.pdf,https://archive.org/download/mister-manuals/1991_Super%20Nintendo%20Entertainment%20System.zip/1991_Super%20Nintendo%20Entertainment%20System%2FSuper%20Play%20Action%20Football.pdf,4344617,649ae0c682ebdacffec104a4f5adf3c4,,,Super Play Action Football.pdf
docs/SNES/Manuals/Super Punch-Out!!.pdf,https://archive.org/download/mister-manuals/1991_Super%20Nintendo%20Entertainment%20System.zip/1991_Super%20Nintendo%20Entertainment%20System%2FSuper%20Punch-Out%21%21.pdf,3354167,5be5ed1293e184206e5615161d752d43,,,Super Punch-Out!!.pdf
docs/SNES/Manuals/Super Putty.pdf,https://archive.org/download/mister-manuals/1991_Super%20Nintendo%20Entertainment%20System.zip/1991_Super%20Nintendo%20Entertainment%20System%2FSuper%20Putty.pdf,1067182,360686f6108bc8595bdb538b5d65707b,,,Super Putty.pdf
docs/SNES/Manuals/Super R-Type.pdf,https://archive.org/download/mister-manuals/1991_Super%20Nintendo%20Entertainment%20System.zip/1991_Super%20Nintendo%20Entertainment%20System%2FSuper%20R-Type.pdf,1543137,a7eeeb8956bb28c08b9315742fbecc42,,,Super R-Type.pdf
docs/SNES/Manuals/Super R.B.I. Baseball.pdf,https://archive.org/download/mister-manuals/1991_Super%20Nintendo%20Entertainment%20System.zip/1991_Super%20Nintendo%20Entertainment%20System%2FSuper%20R.B.I.%20Baseball.pdf,3232103,eddbfac0be962702a0ad62c6a43867c9,,,Super R.B.I. Baseball.pdf
docs/SNES/Manuals/Super Slam Dunk.pdf,https://archive.org/download/mister-manuals/1991_Super%20Nintendo%20Entertainment%20System.zip/1991_Super%20Nintendo%20Entertainment%20System%2FSuper%20Slam%20Dunk.pdf,1438568,bee71cc65fcd6a107286e5b8dcec3d6b,,,Super Slam Dunk.pdf
docs/SNES/Manuals/Super Slap Shot.pdf,https://archive.org/download/mister-manuals/1991_Super%20Nintendo%20Entertainment%20System.zip/1991_Super%20Nintendo%20Entertainment%20System%2FSuper%20Slap%20Shot.pdf,1763596,6fa16f3aa0e2b84319d1f74e6bc48d15,,,Super Slap Shot.pdf
docs/SNES/Manuals/Super Smash TV.pdf,https://archive.org/download/mister-manuals/1991_Super%20Nintendo%20Entertainment%20System.zip/1991_Super%20Nintendo%20Entertainment%20System%2FSuper%20Smash%20TV.pdf,1475340,ad191fcb3ccdc2021c2aef832d623363,,,Super Smash TV.pdf
docs/SNES/Manuals/Super Soccer .pdf,https://archive.org/download/mister-manuals/1991_Super%20Nintendo%20Entertainment%20System.zip/1991_Super%20Nintendo%20Entertainment%20System%2FSuper%20Soccer%20.pdf,1730999,5e8ae91d121811fb137d7ce0e4a308f9,,,Super Soccer .pdf
docs/SNES/Manuals/Super Soccer Champ.pdf,https://archive.org/download/mister-manuals/1991_Super%20Nintendo%20Entertainment%20System.zip/1991_Super%20Nintendo%20Entertainment%20System%2FSuper%20Soccer%20Champ.pdf,1725083,f6f763493689222a64cc383ffaab94c9,,,Super Soccer Champ.pdf
docs/SNES/Manuals/Super Solitaire.pdf,https://archive.org/download/mister-manuals/1991_Super%20Nintendo%20Entertainment%20System.zip/1991_Super%20Nintendo%20Entertainment%20System%2FSuper%20Solitaire.pdf,2269542,160f8237a37ab26dbb28bbc34e4455c5,,,Super Solitaire.pdf
docs/SNES/Manuals/Super Star Wars - Return of the Jedi.pdf,https://archive.org/download/mister-manuals/1991_Super%20Nintendo%20Entertainment%20System.zip/1991_Super%20Nintendo%20Entertainment%20System%2FSuper%20Star%20Wars%20-%20Return%20of%20the%20Jedi.pdf,3354761,ede307dd04a31f793d47d5931c51f4c5,,,Super Star Wars - Return of the Jedi.pdf
docs/SNES/Manuals/Super Star Wars - The Empire Strikes Back.pdf,https://archive.org/download/mister-manuals/1991_Super%20Nintendo%20Entertainment%20System.zip/1991_Super%20Nintendo%20Entertainment%20System%2FSuper%20Star%20Wars%20-%20The%20Empire%20Strikes%20Back.pdf,1356225,6c309b3cbc78aa44d594d0eb5b595eb6,,,Super Star Wars - The Empire Strikes Back.pdf
docs/SNES/Manuals/Super Star Wars .pdf,https://archive.org/download/mister-manuals/1991_Super%20Nintendo%20Entertainment%20System.zip/1991_Super%20Nintendo%20Entertainment%20System%2FSuper%20Star%20Wars%20.pdf,1411790,d77c7e27ae244e56a708cd07009839b4,,,Super Star Wars .pdf
docs/SNES/Manuals/Super Street Fighter II - The New Challengers.pdf,https://archive.org/download/mister-manuals/1991_Super%20Nintendo%20Entertainment%20System.zip/1991_Super%20Nintendo%20Entertainment%20System%2FSuper%20Street%20Fighter%20II%20-%20The%20New%20Challengers.pdf,3877917,5bf5396c14cefbcc919631fa90659f74,,,Super Street Fighter II - The New Challengers.pdf
docs/SNES/Manuals/Super Strike Eagle.pdf,https://archive.org/download/mister-manuals/1991_Super%20Nintendo%20Entertainment%20System.zip/1991_Super%20Nintendo%20Entertainment%20System%2FSuper%20Strike%20Eagle.pdf,1445181,46cdfa71213b3bde96cecab08b691416,,,Super Strike Eagle.pdf
docs/SNES/Manuals/Super Tennis.pdf,https://archive.org/download/mister-manuals/1991_Super%20Nintendo%20Entertainment%20System.zip/1991_Super%20Nintendo%20Entertainment%20System%2FSuper%20Tennis.pdf,2087226,2989c11d22ab81106ab75663c10e5418,,,Super Tennis.pdf
docs/SNES/Manuals/Super Troll Islands.pdf,https://archive.org/download/mister-manuals/1991_Super%20Nintendo%20Entertainment%20System.zip/1991_Super%20Nintendo%20Entertainment%20System%2FSuper%20Troll%20Islands.pdf,672927,6ca51b34760c8d7fc7f75826c5ba4cc1,,,Super Troll Islands.pdf
docs/SNES/Manuals/Super Turrican .pdf,https://archive.org/download/mister-manuals/1991_Super%20Nintendo%20Entertainment%20System.zip/1991_Super%20Nintendo%20Entertainment%20System%2FSuper%20Turrican%20.pdf,915077,7ea19a9bd005379f090b2b5b0b8e5404,,,Super Turrican .pdf
docs/SNES/Manuals/Super Turrican 2.pdf,https://archive.org/download/mister-manuals/1991_Super%20Nintendo%20Entertainment%20System.zip/1991_Super%20Nintendo%20Entertainment%20System%2FSuper%20Turrican%202.pdf,1168500,bc6ace336561dd446fff62b867635147,,,Super Turrican 2.pdf
docs/SNES/Manuals/Super Ultra Baseball 2.pdf,https://archive.org/download/mister-manuals/1991_Super%20Nintendo%20Entertainment%20System.zip/1991_Super%20Nintendo%20Entertainment%20System%2FSuper%20Ultra%20Baseball%202.pdf,451358,7ee8e23a43cbeeb6f6aaa14d7d147570,,,Super Ultra Baseball 2.pdf
docs/SNES/Manuals/Super Valis IV.pdf,https://archive.org/download/mister-manuals/1991_Super%20Nintendo%20Entertainment%20System.zip/1991_Super%20Nintendo%20Entertainment%20System%2FSuper%20Valis%20IV.pdf,1556248,1a2695cb950a4b768a258cf302ddc8c0,,,Super Valis IV.pdf
docs/SNES/Manuals/Super Widget.pdf,https://archive.org/download/mister-manuals/1991_Super%20Nintendo%20Entertainment%20System.zip/1991_Super%20Nintendo%20Entertainment%20System%2FSuper%20Widget.pdf,1103213,63daeb985fd3110e6c8c9efa2a35763e,,,Super Widget.pdf
docs/SNES/Manuals/Suzuka 8 Hours.pdf,https://archive.org/download/mister-manuals/1991_Super%20Nintendo%20Entertainment%20System.zip/1991_Super%20Nintendo%20Entertainment%20System%2FSuzuka%208%20Hours.pdf,1340790,85cd9c54e9a591af4910791a23b48850,,,Suzuka 8 Hours.pdf
docs/SNES/Manuals/Syndicate.pdf,https://archive.org/download/mister-manuals/1991_Super%20Nintendo%20Entertainment%20System.zip/1991_Super%20Nintendo%20Entertainment%20System%2FSyndicate.pdf,2961586,4167d69b4e78b874223a8aa8241df2b6,,,Syndicate.pdf
docs/SNES/Manuals/T2 - The Arcade Game.pdf,https://archive.org/download/mister-manuals/1991_Super%20Nintendo%20Entertainment%20System.zip/1991_Super%20Nintendo%20Entertainment%20System%2FT2%20-%20The%20Arcade%20Game.pdf,1884670,3b8dc10a1921e48796067744e866c36f,,,T2 - The Arcade Game.pdf
docs/SNES/Manuals/TKO Super Championship Boxing.pdf,https://archive.org/download/mister-manuals/1991_Super%20Nintendo%20Entertainment%20System.zip/1991_Super%20Nintendo%20Entertainment%20System%2FTKO%20Super%20Championship%20Boxing.pdf,1153087,cc1fbc465bc9eeb01d661f3c95067ce2,,,TKO Super Championship Boxing.pdf
docs/SNES/Manuals/TNN Bass Tournament of Champions.pdf,https://archive.org/download/mister-manuals/1991_Super%20Nintendo%20Entertainment%20System.zip/1991_Super%20Nintendo%20Entertainment%20System%2FTNN%20Bass%20Tournament%20of%20Champions.pdf,2215711,78da103c72300fc225918e38e43c160d,,,TNN Bass Tournament of Champions.pdf
docs/SNES/Manuals/Taz-Mania.pdf,https://archive.org/download/mister-manuals/1991_Super%20Nintendo%20Entertainment%20System.zip/1991_Super%20Nintendo%20Entertainment%20System%2FTaz-Mania.pdf,1073908,cb231c69fa515be28f992e5bcc00cc69,,,Taz-Mania.pdf
docs/SNES/Manuals/Tecmo Super Baseball.pdf,https://archive.org/download/mister-manuals/1991_Super%20Nintendo%20Entertainment%20System.zip/1991_Super%20Nintendo%20Entertainment%20System%2FTecmo%20Super%20Baseball.pdf,3140344,0a7935372608795304265c3950d7a204,,,Tecmo Super Baseball.pdf
docs/SNES/Manuals/Tecmo Super Bowl .pdf,https://archive.org/download/mister-manuals/1991_Super%20Nintendo%20Entertainment%20System.zip/1991_Super%20Nintendo%20Entertainment%20System%2FTecmo%20Super%20Bowl%20.pdf,2950279,a4ddf7595194a5b9ec49d28916e1801d,,,Tecmo Super Bowl .pdf
docs/SNES/Manuals/Tecmo Super Bowl II - Special Edition.pdf,https://archive.org/download/mister-manuals/1991_Super%20Nintendo%20Entertainment%20System.zip/1991_Super%20Nintendo%20Entertainment%20System%2FTecmo%20Super%20Bowl%20II%20-%20Special%20Edition.pdf,3227819,b51cbb0effa4ead3a2dc5e628e720432,,,Tecmo Super Bowl II - Special Edition.pdf
docs/SNES/Manuals/Tecmo Super Bowl III - Final Edition.pdf,https://archive.org/download/mister-manuals/1991_Super%20Nintendo%20Entertainment%20System.zip/1991_Super%20Nintendo%20Entertainment%20System%2FTecmo%20Super%20Bowl%20III%20-%20Final%20Edition.pdf,2830638,e9790d9fba0c12664fa4576cc1380d22,,,Tecmo Super Bowl III - Final Edition.pdf
docs/SNES/Manuals/Tecmo Super NBA Basketball.pdf,https://archive.org/download/mister-manuals/1991_Super%20Nintendo%20Entertainment%20System.zip/1991_Super%20Nintendo%20Entertainment%20System%2FTecmo%20Super%20NBA%20Basketball.pdf,3327075,e1b98c7e6675825776727aacf877932c,,,Tecmo Super NBA Basketball.pdf
docs/SNES/Manuals/Teenage Mutant Ninja Turtles - Tournament Fighters.pdf,https://archive.org/download/mister-manuals/1991_Super%20Nintendo%20Entertainment%20System.zip/1991_Super%20Nintendo%20Entertainment%20System%2FTeenage%20Mutant%20Ninja%20Turtles%20-%20Tournament%20Fighters.pdf,2905777,d88dd0a7c467d8c35288cd76105d9e67,,,Teenage Mutant Ninja Turtles - Tournament Fighters.pdf
docs/SNES/Manuals/Teenage Mutant Ninja Turtles IV - Turtles in Time.pdf,https://archive.org/download/mister-manuals/1991_Super%20Nintendo%20Entertainment%20System.zip/1991_Super%20Nintendo%20Entertainment%20System%2FTeenage%20Mutant%20Ninja%20Turtles%20IV%20-%20Turtles%20in%20Time.pdf,1156336,0a805b9832981c0a2ad349de08b19024,,,Teenage Mutant Ninja Turtles IV - Turtles in Time.pdf
docs/SNES/Manuals/Terminator 2 - Judgment Day.pdf,https://archive.org/download/mister-manuals/1991_Super%20Nintendo%20Entertainment%20System.zip/1991_Super%20Nintendo%20Entertainment%20System%2FTerminator%202%20-%20Judgment%20Day.pdf,2099738,8cd7361c5faec3c61f05e05d1c8e4b9b,,,Terminator 2 - Judgment Day.pdf
"docs/SNES/Manuals/Terminator, The.pdf",https://archive.org/download/mister-manuals/1991_Super%20Nintendo%20Entertainment%20System.zip/1991_Super%20Nintendo%20Entertainment%20System%2FTerminator%2C%20The.pdf,1112368,d82589c13c4fe68f73e57d17f3ce520b,,,"Terminator, The.pdf"
docs/SNES/Manuals/Terranigma.pdf,https://archive.org/download/mister-manuals/1991_Super%20Nintendo%20Entertainment%20System.zip/1991_Super%20Nintendo%20Entertainment%20System%2FTerranigma.pdf,3993230,4cde13da0289f3c110d2a2059f73b6f6,,,Terranigma.pdf
docs/SNES/Manuals/Tetris & Dr. Mario.pdf,https://archive.org/download/mister-manuals/1991_Super%20Nintendo%20Entertainment%20System.zip/1991_Super%20Nintendo%20Entertainment%20System%2FTetris%20%26%20Dr.%20Mario.pdf,2521619,6c23143620ed872f313cbf077960cfb7,,,Tetris & Dr. Mario.pdf
docs/SNES/Manuals/Tetris 2.pdf,https://archive.org/download/mister-manuals/1991_Super%20Nintendo%20Entertainment%20System.zip/1991_Super%20Nintendo%20Entertainment%20System%2FTetris%202.pdf,1385360,3efb0429b7d9a9f42edc2e87c729f1d4,,,Tetris 2.pdf
docs/SNES/Manuals/Tetris Attack.pdf,https://archive.org/download/mister-manuals/1991_Super%20Nintendo%20Entertainment%20System.zip/1991_Super%20Nintendo%20Entertainment%20System%2FTetris%20Attack.pdf,1702555,d8e47b4f1cc03875a6dd24a0165697c9,,,Tetris Attack.pdf
docs/SNES/Manuals/Theme Park.pdf,https://archive.org/download/mister-manuals/1991_Super%20Nintendo%20Entertainment%20System.zip/1991_Super%20Nintendo%20Entertainment%20System%2FTheme%20Park.pdf,4099016,e5e4e4f5ee982ae2bc0bdb526f15d3d7,,,Theme Park.pdf
docs/SNES/Manuals/Thomas the Tank Engine & Friends.pdf,https://archive.org/download/mister-manuals/1991_Super%20Nintendo%20Entertainment%20System.zip/1991_Super%20Nintendo%20Entertainment%20System%2FThomas%20the%20Tank%20Engine%20%26%20Friends.pdf,1001830,d3c3f39aa23a5f7a812153abadfaabfc,,,Thomas the Tank Engine & Friends.pdf
docs/SNES/Manuals/Thunder Spirits.pdf,https://archive.org/download/mister-manuals/1991_Super%20Nintendo%20Entertainment%20System.zip/1991_Super%20Nintendo%20Entertainment%20System%2FThunder%20Spirits.pdf,1635479,aa0d90faba20cdca5b2ef53f6c566577,,,Thunder Spirits.pdf
"docs/SNES/Manuals/Tick, The.pdf",https://archive.org/download/mister-manuals/1991_Super%20Nintendo%20Entertainment%20System.zip/1991_Super%20Nintendo%20Entertainment%20System%2FTick%2C%20The.pdf,1474566,c0900beba7d094cccd1140b0f6f12f22,,,"Tick, The.pdf"
docs/SNES/Manuals/Time Slip.pdf,https://archive.org/download/mister-manuals/1991_Super%20Nintendo%20Entertainment%20System.zip/1991_Super%20Nintendo%20Entertainment%20System%2FTime%20Slip.pdf,941215,fd1a186ff63dc03a3426e18393391c18,,,Time Slip.pdf
docs/SNES/Manuals/Time Trax.pdf,https://archive.org/download/mister-manuals/1991_Super%20Nintendo%20Entertainment%20System.zip/1991_Super%20Nintendo%20Entertainment%20System%2FTime%20Trax.pdf,1709432,eee01c039636b752022d2d815932985b,,,Time Trax.pdf
docs/SNES/Manuals/Timecop.pdf,https://archive.org/download/mister-manuals/1991_Super%20Nintendo%20Entertainment%20System.zip/1991_Super%20Nintendo%20Entertainment%20System%2FTimecop.pdf,2525469,d6db2346bfb2757e3c10e52ef3dfedd9,,,Timecop.pdf
docs/SNES/Manuals/Timon & Pumbaa's Jungle Games.pdf,https://archive.org/download/mister-manuals/1991_Super%20Nintendo%20Entertainment%20System.zip/1991_Super%20Nintendo%20Entertainment%20System%2FTimon%20%26%20Pumbaa%27s%20Jungle%20Games.pdf,1374494,d6dfd24c2603454780d80ede6f056ffc,,,Timon & Pumbaa's Jungle Games.pdf
docs/SNES/Manuals/Tin Star.pdf,https://archive.org/download/mister-manuals/1991_Super%20Nintendo%20Entertainment%20System.zip/1991_Super%20Nintendo%20Entertainment%20System%2FTin%20Star.pdf,2322416,c1cecdd3db67657fdbf1fc541755d482,,,Tin Star.pdf
docs/SNES/Manuals/Tintin - Prisoners of the Sun.pdf,https://archive.org/download/mister-manuals/1991_Super%20Nintendo%20Entertainment%20System.zip/1991_Super%20Nintendo%20Entertainment%20System%2FTintin%20-%20Prisoners%20of%20the%20Sun.pdf,2042780,9054c9b72b8f79f4a1f67e1741a1d22c,,,Tintin - Prisoners of the Sun.pdf
docs/SNES/Manuals/Tintin in Tibet.pdf,https://archive.org/download/mister-manuals/1991_Super%20Nintendo%20Entertainment%20System.zip/1991_Super%20Nintendo%20Entertainment%20System%2FTintin%20in%20Tibet.pdf,1407785,cb1b4d0aff95ab4753573f15f7b29b97,,,Tintin in Tibet.pdf
docs/SNES/Manuals/Tiny Toon Adventures - Buster Busts Loose!.pdf,https://archive.org/download/mister-manuals/1991_Super%20Nintendo%20Entertainment%20System.zip/1991_Super%20Nintendo%20Entertainment%20System%2FTiny%20Toon%20Adventures%20-%20Buster%20Busts%20Loose%21.pdf,1544113,b852f0aeaf0ec2b401424744a181ff26,,,Tiny Toon Adventures - Buster Busts Loose!.pdf
docs/SNES/Manuals/Tiny Toon Adventures - Wacky Sports Challenge.pdf,https://archive.org/download/mister-manuals/1991_Super%20Nintendo%20Entertainment%20System.zip/1991_Super%20Nintendo%20Entertainment%20System%2FTiny%20Toon%20Adventures%20-%20Wacky%20Sports%20Challenge.pdf,1796147,c9a24a3085368ab6d79a4eeff18a810c,,,Tiny Toon Adventures - Wacky Sports Challenge.pdf
docs/SNES/Manuals/Tom and Jerry.pdf,https://archive.org/download/mister-manuals/1991_Super%20Nintendo%20Entertainment%20System.zip/1991_Super%20Nintendo%20Entertainment%20System%2FTom%20and%20Jerry.pdf,869631,a49b499ab16c698be08c7cb0a91f631e,,,Tom and Jerry.pdf
docs/SNES/Manuals/Tommy Moe's Winter Extreme - Skiing & Snowboarding.pdf,https://archive.org/download/mister-manuals/1991_Super%20Nintendo%20Entertainment%20System.zip/1991_Super%20Nintendo%20Entertainment%20System%2FTommy%20Moe%27s%20Winter%20Extreme%20-%20Skiing%20%26%20Snowboarding.pdf,2421765,b1918915644258370fcbcc17ab1a1893,,,Tommy Moe's Winter Extreme - Skiing & Snowboarding.pdf
docs/SNES/Manuals/Tony Meola's Sidekicks Soccer (Super Copa).pdf,https://archive.org/download/mister-manuals/1991_Super%20Nintendo%20Entertainment%20System.zip/1991_Super%20Nintendo%20Entertainment%20System%2FTony%20Meola%27s%20Sidekicks%20Soccer%20%28Super%20Copa%29.pdf,2937238,46da8313fe221e6f99981c5c3f30d0a2,,,Tony Meola's Sidekicks Soccer (Super Copa).pdf
docs/SNES/Manuals/Top Gear .pdf,https://archive.org/download/mister-manuals/1991_Super%20Nintendo%20Entertainment%20System.zip/1991_Super%20Nintendo%20Entertainment%20System%2FTop%20Gear%20.pdf,1472245,cae6301b7ca20eeaf1947be208b41622,,,Top Gear .pdf
docs/SNES/Manuals/Top Gear 2.pdf,https://archive.org/download/mister-manuals/1991_Super%20Nintendo%20Entertainment%20System.zip/1991_Super%20Nintendo%20Entertainment%20System%2FTop%20Gear%202.pdf,1810105,39a60faefee184ee2ee169f21e527fd0,,,Top Gear 2.pdf
docs/SNES/Manuals/Top Gear 3000.pdf,https://archive.org/download/mister-manuals/1991_Super%20Nintendo%20Entertainment%20System.zip/1991_Super%20Nintendo%20Entertainment%20System%2FTop%20Gear%203000.pdf,1298102,8c84414fcb4aa150859dc18dd398b71b,,,Top Gear 3000.pdf
docs/SNES/Manuals/Total Carnage.pdf,https://archive.org/download/mister-manuals/1991_Super%20Nintendo%20Entertainment%20System.zip/1991_Super%20Nintendo%20Entertainment%20System%2FTotal%20Carnage.pdf,1509288,b3643720080ab8e01ffd2dfcf7ec71bd,,,Total Carnage.pdf
docs/SNES/Manuals/Toy Story.pdf,https://archive.org/download/mister-manuals/1991_Super%20Nintendo%20Entertainment%20System.zip/1991_Super%20Nintendo%20Entertainment%20System%2FToy%20Story.pdf,1976668,0b6364a993122ee677155c6852f92329,,,Toy Story.pdf
docs/SNES/Manuals/Toys - Let the Toy Wars Begin!.pdf,https://archive.org/download/mister-manuals/1991_Super%20Nintendo%20Entertainment%20System.zip/1991_Super%20Nintendo%20Entertainment%20System%2FToys%20-%20Let%20the%20Toy%20Wars%20Begin%21.pdf,1793672,29f3fb87724112443d745a9109d02619,,,Toys - Let the Toy Wars Begin!.pdf
docs/SNES/Manuals/Troddlers.pdf,https://archive.org/download/mister-manuals/1991_Super%20Nintendo%20Entertainment%20System.zip/1991_Super%20Nintendo%20Entertainment%20System%2FTroddlers.pdf,2021185,c6c045705969e32bd2b0b1046d1629a7,,,Troddlers.pdf
docs/SNES/Manuals/Troy Aikman NFL Football.pdf,https://archive.org/download/mister-manuals/1991_Super%20Nintendo%20Entertainment%20System.zip/1991_Super%20Nintendo%20Entertainment%20System%2FTroy%20Aikman%20NFL%20Football.pdf,2990338,5c03bb1ca1583137c3e39bcb7471f061,,,Troy Aikman NFL Football.pdf
docs/SNES/Manuals/True Golf Classics - Pebble Beach Golf Links.pdf,https://archive.org/download/mister-manuals/1991_Super%20Nintendo%20Entertainment%20System.zip/1991_Super%20Nintendo%20Entertainment%20System%2FTrue%20Golf%20Classics%20-%20Pebble%20Beach%20Golf%20Links.pdf,2533490,b3a8ee65b9c6d68e86eb1a13511bd332,,,True Golf Classics - Pebble Beach Golf Links.pdf
docs/SNES/Manuals/True Golf Classics - Waialae Country Club.pdf,https://archive.org/download/mister-manuals/1991_Super%20Nintendo%20Entertainment%20System.zip/1991_Super%20Nintendo%20Entertainment%20System%2FTrue%20Golf%20Classics%20-%20Waialae%20Country%20Club.pdf,2447345,3a6960ec54ba6ccf4653986758746e3e,,,True Golf Classics - Waialae Country Club.pdf
docs/SNES/Manuals/True Golf Classics - Wicked 18.pdf,https://archive.org/download/mister-manuals/1991_Super%20Nintendo%20Entertainment%20System.zip/1991_Super%20Nintendo%20Entertainment%20System%2FTrue%20Golf%20Classics%20-%20Wicked%2018.pdf,1315463,d8a78354b49283eaa57f34aa5ae05b97,,,True Golf Classics - Wicked 18.pdf
docs/SNES/Manuals/True Lies.pdf,https://archive.org/download/mister-manuals/1991_Super%20Nintendo%20Entertainment%20System.zip/1991_Super%20Nintendo%20Entertainment%20System%2FTrue%20Lies.pdf,1601354,63b92e178e29175d7800ee2953253157,,,True Lies.pdf
docs/SNES/Manuals/Tuff E Nuff.pdf,https://archive.org/download/mister-manuals/1991_Super%20Nintendo%20Entertainment%20System.zip/1991_Super%20Nintendo%20Entertainment%20System%2FTuff%20E%20Nuff.pdf,2822112,472e76c2ffe28d3e1b1d0a5c548b557c,,,Tuff E Nuff.pdf
docs/SNES/Manuals/Turbo Toons.pdf,https://archive.org/download/mister-manuals/1991_Super%20Nintendo%20Entertainment%20System.zip/1991_Super%20Nintendo%20Entertainment%20System%2FTurbo%20Toons.pdf,1160161,37278edf8c8cb6a646b7f61683554e08,,,Turbo Toons.pdf
docs/SNES/Manuals/Turn and Burn - No-Fly Zone.pdf,https://archive.org/download/mister-manuals/1991_Super%20Nintendo%20Entertainment%20System.zip/1991_Super%20Nintendo%20Entertainment%20System%2FTurn%20and%20Burn%20-%20No-Fly%20Zone.pdf,2515199,06e7989bc66751cab1183057a87b7460,,,Turn and Burn - No-Fly Zone.pdf
"docs/SNES/Manuals/Twisted Tales of Spike McFang, The.pdf",https://archive.org/download/mister-manuals/1991_Super%20Nintendo%20Entertainment%20System.zip/1991_Super%20Nintendo%20Entertainment%20System%2FTwisted%20Tales%20of%20Spike%20McFang%2C%20The.pdf,1440457,56e0b34874d0ac85b36c5dcce0f72540,,,"Twisted Tales of Spike McFang, The.pdf"
docs/SNES/Manuals/U.N. Squadron.pdf,https://archive.org/download/mister-manuals/1991_Super%20Nintendo%20Entertainment%20System.zip/1991_Super%20Nintendo%20Entertainment%20System%2FU.N.%20Squadron.pdf,842508,6ff7f3999aeec64207515631c497393b,,,U.N. Squadron.pdf
docs/SNES/Manuals/Ultima - Runes of Virtue II.pdf,https://archive.org/download/mister-manuals/1991_Super%20Nintendo%20Entertainment%20System.zip/1991_Super%20Nintendo%20Entertainment%20System%2FUltima%20-%20Runes%20of%20Virtue%20II.pdf,1633170,c0700195575a6c0eebc9f956477e98fe,,,Ultima - Runes of Virtue II.pdf
docs/SNES/Manuals/Ultima VI - The False Prophet.pdf,https://archive.org/download/mister-manuals/1991_Super%20Nintendo%20Entertainment%20System.zip/1991_Super%20Nintendo%20Entertainment%20System%2FUltima%20VI%20-%20The%20False%20Prophet.pdf,3127540,25426a556a8803d91dfb052263deb488,,,Ultima VI - The False Prophet.pdf
docs/SNES/Manuals/Ultima VII - The Black Gate.pdf,https://archive.org/download/mister-manuals/1991_Super%20Nintendo%20Entertainment%20System.zip/1991_Super%20Nintendo%20Entertainment%20System%2FUltima%20VII%20-%20The%20Black%20Gate.pdf,2576417,140021d399ebd8d547c11c6a835d7164,,,Ultima VII - The Black Gate.pdf
docs/SNES/Manuals/Ultimate Fighter.pdf,https://archive.org/download/mister-manuals/1991_Super%20Nintendo%20Entertainment%20System.zip/1991_Super%20Nintendo%20Entertainment%20System%2FUltimate%20Fighter.pdf,2868985,4e59d2fe3a34cc725842d6d96149c91d,,,Ultimate Fighter.pdf
docs/SNES/Manuals/Ultimate Mortal Kombat 3.pdf,https://archive.org/download/mister-manuals/1991_Super%20Nintendo%20Entertainment%20System.zip/1991_Super%20Nintendo%20Entertainment%20System%2FUltimate%20Mortal%20Kombat%203.pdf,2690420,783859a8d227e9948f83119baf249a85,,,Ultimate Mortal Kombat 3.pdf
docs/SNES/Manuals/Ultraman - Towards the Future.pdf,https://archive.org/download/mister-manuals/1991_Super%20Nintendo%20Entertainment%20System.zip/1991_Super%20Nintendo%20Entertainment%20System%2FUltraman%20-%20Towards%20the%20Future.pdf,1032717,3952ac0ed79b4bdb24ba8716b1c04286,,,Ultraman - Towards the Future.pdf
docs/SNES/Manuals/Uncharted Waters - New Horizons.pdf,https://archive.org/download/mister-manuals/1991_Super%20Nintendo%20Entertainment%20System.zip/1991_Super%20Nintendo%20Entertainment%20System%2FUncharted%20Waters%20-%20New%20Horizons.pdf,5606818,c311a1a9927fe6ea141b42abedcd0212,,,Uncharted Waters - New Horizons.pdf
docs/SNES/Manuals/Uncharted Waters .pdf,https://archive.org/download/mister-manuals/1991_Super%20Nintendo%20Entertainment%20System.zip/1991_Super%20Nintendo%20Entertainment%20System%2FUncharted%20Waters%20.pdf,3522453,60dd43a5a5aff297f6c9bc5a4c536918,,,Uncharted Waters .pdf
docs/SNES/Manuals/Undercover Cops.pdf,https://archive.org/download/mister-manuals/1991_Super%20Nintendo%20Entertainment%20System.zip/1991_Super%20Nintendo%20Entertainment%20System%2FUndercover%20Cops.pdf,2166017,842ed3de4cf4f1efad3becef5859f70c,,,Undercover Cops.pdf
docs/SNES/Manuals/Uniracers.pdf,https://archive.org/download/mister-manuals/1991_Super%20Nintendo%20Entertainment%20System.zip/1991_Super%20Nintendo%20Entertainment%20System%2FUniracers.pdf,2808979,a369d400655fc3b5b6222b1c5bfc1f1c,,,Uniracers.pdf
"docs/SNES/Manuals/Untouchables, The.pdf",https://archive.org/download/mister-manuals/1991_Super%20Nintendo%20Entertainment%20System.zip/1991_Super%20Nintendo%20Entertainment%20System%2FUntouchables%2C%20The.pdf,1104935,41905f0ce28fc6a5e2202e5ea095b2fe,,,"Untouchables, The.pdf"
docs/SNES/Manuals/Urban Strike.pdf,https://archive.org/download/mister-manuals/1991_Super%20Nintendo%20Entertainment%20System.zip/1991_Super%20Nintendo%20Entertainment%20System%2FUrban%20Strike.pdf,1448435,ba20af43ef489802a675099ca10be91b,,,Urban Strike.pdf
docs/SNES/Manuals/Utopia - The Creation of a Nation.pdf,https://archive.org/download/mister-manuals/1991_Super%20Nintendo%20Entertainment%20System.zip/1991_Super%20Nintendo%20Entertainment%20System%2FUtopia%20-%20The%20Creation%20of%20a%20Nation.pdf,4559574,e3c7f06457c8e7e3c2d732d53017f93e,,,Utopia - The Creation of a Nation.pdf
docs/SNES/Manuals/Vegas Stakes.pdf,https://archive.org/download/mister-manuals/1991_Super%20Nintendo%20Entertainment%20System.zip/1991_Super%20Nintendo%20Entertainment%20System%2FVegas%20Stakes.pdf,2159777,1c93aa58a8cc57c6dd6f3467ac5aea5d,,,Vegas Stakes.pdf
docs/SNES/Manuals/Venom & Spider-Man - Separation Anxiety.pdf,https://archive.org/download/mister-manuals/1991_Super%20Nintendo%20Entertainment%20System.zip/1991_Super%20Nintendo%20Entertainment%20System%2FVenom%20%26%20Spider-Man%20-%20Separation%20Anxiety.pdf,2260146,8d1fe0fbcbf157cc33a62b3f303d1dde,,,Venom & Spider-Man - Separation Anxiety.pdf
docs/SNES/Manuals/Virtual Bart.pdf,https://archive.org/download/mister-manuals/1991_Super%20Nintendo%20Entertainment%20System.zip/1991_Super%20Nintendo%20Entertainment%20System%2FVirtual%20Bart.pdf,1661619,727fd19a6ec3b6068d249715ba000d04,,,Virtual Bart.pdf
docs/SNES/Manuals/Virtual Soccer.pdf,https://archive.org/download/mister-manuals/1991_Super%20Nintendo%20Entertainment%20System.zip/1991_Super%20Nintendo%20Entertainment%20System%2FVirtual%20Soccer.pdf,1999467,c8d810441a0737d18742b54368ac699d,,,Virtual Soccer.pdf
docs/SNES/Manuals/Vortex.pdf,https://archive.org/download/mister-manuals/1991_Super%20Nintendo%20Entertainment%20System.zip/1991_Super%20Nintendo%20Entertainment%20System%2FVortex.pdf,1884581,cdd58c51d311b69e624206b8ec53cbed,,,Vortex.pdf
docs/SNES/Manuals/WCW SuperBrawl Wrestling.pdf,https://archive.org/download/mister-manuals/1991_Super%20Nintendo%20Entertainment%20System.zip/1991_Super%20Nintendo%20Entertainment%20System%2FWCW%20SuperBrawl%20Wrestling.pdf,2507663,87e893dd0cb5fc5d2b9e78211a4952d2,,,WCW SuperBrawl Wrestling.pdf
docs/SNES/Manuals/WWF RAW.pdf,https://archive.org/download/mister-manuals/1991_Super%20Nintendo%20Entertainment%20System.zip/1991_Super%20Nintendo%20Entertainment%20System%2FWWF%20RAW.pdf,2582333,47b1023301a79aed4d96b73dec59c8ff,,,WWF RAW.pdf
docs/SNES/Manuals/WWF Royal Rumble.pdf,https://archive.org/download/mister-manuals/1991_Super%20Nintendo%20Entertainment%20System.zip/1991_Super%20Nintendo%20Entertainment%20System%2FWWF%20Royal%20Rumble.pdf,3076514,c53153264736e10400d072bb641430f6,,,WWF Royal Rumble.pdf
docs/SNES/Manuals/WWF Super WrestleMania.pdf,https://archive.org/download/mister-manuals/1991_Super%20Nintendo%20Entertainment%20System.zip/1991_Super%20Nintendo%20Entertainment%20System%2FWWF%20Super%20WrestleMania.pdf,2200929,f73a5f7d829b88bd781db99bcd0e2248,,,WWF Super WrestleMania.pdf
docs/SNES/Manuals/WWF WrestleMania - The Arcade Game.pdf,https://archive.org/download/mister-manuals/1991_Super%20Nintendo%20Entertainment%20System.zip/1991_Super%20Nintendo%20Entertainment%20System%2FWWF%20WrestleMania%20-%20The%20Arcade%20Game.pdf,1834520,fee9a25c22827976ae9fca9af863ec79,,,WWF WrestleMania - The Arcade Game.pdf
docs/SNES/Manuals/War 2410.pdf,https://archive.org/download/mister-manuals/1991_Super%20Nintendo%20Entertainment%20System.zip/1991_Super%20Nintendo%20Entertainment%20System%2FWar%202410.pdf,2466928,ec0b57ce8d2aa52cb0fcbcd816c8bddf,,,War 2410.pdf
docs/SNES/Manuals/War 3010 - The Revolution.pdf,https://archive.org/download/mister-manuals/1991_Super%20Nintendo%20Entertainment%20System.zip/1991_Super%20Nintendo%20Entertainment%20System%2FWar%203010%20-%20The%20Revolution.pdf,3076335,6eb73c6a7d3c0fdd7f5cc83cdde663ff,,,War 3010 - The Revolution.pdf
docs/SNES/Manuals/Wario's Woods.pdf,https://archive.org/download/mister-manuals/1991_Super%20Nintendo%20Entertainment%20System.zip/1991_Super%20Nintendo%20Entertainment%20System%2FWario%27s%20Woods.pdf,1613404,9e8187b7c2428d3d068e6fec15101ef6,,,Wario's Woods.pdf
docs/SNES/Manuals/Warlock.pdf,https://archive.org/download/mister-manuals/1991_Super%20Nintendo%20Entertainment%20System.zip/1991_Super%20Nintendo%20Entertainment%20System%2FWarlock.pdf,1867010,8aea304262ef44e6471d9c61010dc1fb,,,Warlock.pdf
docs/SNES/Manuals/WarpSpeed.pdf,https://archive.org/download/mister-manuals/1991_Super%20Nintendo%20Entertainment%20System.zip/1991_Super%20Nintendo%20Entertainment%20System%2FWarpSpeed.pdf,1820235,b2a295fc9eb09f9900bb548ac82f22f4,,,WarpSpeed.pdf
docs/SNES/Manuals/Wayne Gretzky and the NHLPA All-Stars.pdf,https://archive.org/download/mister-manuals/1991_Super%20Nintendo%20Entertainment%20System.zip/1991_Super%20Nintendo%20Entertainment%20System%2FWayne%20Gretzky%20and%20the%20NHLPA%20All-Stars.pdf,2882533,35f5067ff152767f4953c47debd474e3,,,Wayne Gretzky and the NHLPA All-Stars.pdf
docs/SNES/Manuals/Wayne's World.pdf,https://archive.org/download/mister-manuals/1991_Super%20Nintendo%20Entertainment%20System.zip/1991_Super%20Nintendo%20Entertainment%20System%2FWayne%27s%20World.pdf,1250266,5398b07f9d35de5e4c134b7e15c11aa1,,,Wayne's World.pdf
docs/SNES/Manuals/We're Back! - A Dinosaur's Story.pdf,https://archive.org/download/mister-manuals/1991_Super%20Nintendo%20Entertainment%20System.zip/1991_Super%20Nintendo%20Entertainment%20System%2FWe%27re%20Back%21%20-%20A%20Dinosaur%27s%20Story.pdf,978775,f50b367800235891ed67b5b5d46b5c5c,,,We're Back! - A Dinosaur's Story.pdf
docs/SNES/Manuals/WeaponLord.pdf,https://archive.org/download/mister-manuals/1991_Super%20Nintendo%20Entertainment%20System.zip/1991_Super%20Nintendo%20Entertainment%20System%2FWeaponLord.pdf,5118504,988a11161ad9ea0453c54fe7a231bf60,,,WeaponLord.pdf
docs/SNES/Manuals/Wheel of Fortune - Deluxe Edition.pdf,https://archive.org/download/mister-manuals/1991_Super%20Nintendo%20Entertainment%20System.zip/1991_Super%20Nintendo%20Entertainment%20System%2FWheel%20of%20Fortune%20-%20Deluxe%20Edition.pdf,1866141,8be142cba4dbf79e3a999ae45d8af1d9,,,Wheel of Fortune - Deluxe Edition.pdf
docs/SNES/Manuals/Wheel of Fortune featuring Vanna White.pdf,https://archive.org/download/mister-manuals/1991_Super%20Nintendo%20Entertainment%20System.zip/1991_Super%20Nintendo%20Entertainment%20System%2FWheel%20of%20Fortune%20featuring%20Vanna%20White.pdf,1814094,93fd0bb91781684d4ccd9d6cc961eba0,,,Wheel of Fortune featuring Vanna White.pdf
docs/SNES/Manuals/Where in Time is Carmen Sandiego.pdf,https://archive.org/download/mister-manuals/1991_Super%20Nintendo%20Entertainment%20System.zip/1991_Super%20Nintendo%20Entertainment%20System%2FWhere%20in%20Time%20is%20Carmen%20Sandiego.pdf,1674341,91200bd7a2ad5ac1e74beef21f7e89a7,,,Where in Time is Carmen Sandiego.pdf
docs/SNES/Manuals/Where in the World is Carmen Sandiego.pdf,https://archive.org/download/mister-manuals/1991_Super%20Nintendo%20Entertainment%20System.zip/1991_Super%20Nintendo%20Entertainment%20System%2FWhere%20in%20the%20World%20is%20Carmen%20Sandiego.pdf,1879877,47c5922cd79abeaff828a6495ae14a3b,,,Where in the World is Carmen Sandiego.pdf
docs/SNES/Manuals/Whizz.pdf,https://archive.org/download/mister-manuals/1991_Super%20Nintendo%20Entertainment%20System.zip/1991_Super%20Nintendo%20Entertainment%20System%2FWhizz.pdf,736333,5179d1ac282b05e0e85d0133c608dbce,,,Whizz.pdf
docs/SNES/Manuals/Wild Guns.pdf,https://archive.org/download/mister-manuals/1991_Super%20Nintendo%20Entertainment%20System.zip/1991_Super%20Nintendo%20Entertainment%20System%2FWild%20Guns.pdf,1271067,3a609251b85fd365f9b44c108c183f5a,,,Wild Guns.pdf
docs/SNES/Manuals/WildC.A.T.S. - Covert Action Teams.pdf,https://archive.org/download/mister-manuals/1991_Super%20Nintendo%20Entertainment%20System.zip/1991_Super%20Nintendo%20Entertainment%20System%2FWildC.A.T.S.%20-%20Covert%20Action%20Teams.pdf,1247203,084a533281e742bba863a9c0571d4bc7,,,WildC.A.T.S. - Covert Action Teams.pdf
docs/SNES/Manuals/WildSnake.pdf,https://archive.org/download/mister-manuals/1991_Super%20Nintendo%20Entertainment%20System.zip/1991_Super%20Nintendo%20Entertainment%20System%2FWildSnake.pdf,1532674,d2f3e1fd23e3fc81e763d7d9252b9a9d,,,WildSnake.pdf
docs/SNES/Manuals/Williams Arcade's Greatest Hits.pdf,https://archive.org/download/mister-manuals/1991_Super%20Nintendo%20Entertainment%20System.zip/1991_Super%20Nintendo%20Entertainment%20System%2FWilliams%20Arcade%27s%20Greatest%20Hits.pdf,985227,7b4724baa0f875b69a28bb4114a1ef55,,,Williams Arcade's Greatest Hits.pdf
docs/SNES/Manuals/Wing Commander - The Secret Missions.pdf,https://archive.org/download/mister-manuals/1991_Super%20Nintendo%20Entertainment%20System.zip/1991_Super%20Nintendo%20Entertainment%20System%2FWing%20Commander%20-%20The%20Secret%20Missions.pdf,1608267,e60db08af6ff0765c188f01e69b3ac68,,,Wing Commander - The Secret Missions.pdf
docs/SNES/Manuals/Wing Commander .pdf,https://archive.org/download/mister-manuals/1991_Super%20Nintendo%20Entertainment%20System.zip/1991_Super%20Nintendo%20Entertainment%20System%2FWing%20Commander%20.pdf,2035061,65dfef400858231ed8637d021557d7b3,,,Wing Commander .pdf
docs/SNES/Manuals/Wings 2 - Aces High.pdf,https://archive.org/download/mister-manuals/1991_Super%20Nintendo%20Entertainment%20System.zip/1991_Super%20Nintendo%20Entertainment%20System%2FWings%202%20-%20Aces%20High.pdf,1441856,461dfadb164acadba7a01c293ee9678b,,,Wings 2 - Aces High.pdf
docs/SNES/Manuals/Winter Gold.pdf,https://archive.org/download/mister-manuals/1991_Super%20Nintendo%20Entertainment%20System.zip/1991_Super%20Nintendo%20Entertainment%20System%2FWinter%20Gold.pdf,2743015,6ae1e16d522f3bc0c4762c061b83fe89,,,Winter Gold.pdf
docs/SNES/Manuals/Winter Olympic Games - Lillehammer '94.pdf,https://archive.org/download/mister-manuals/1991_Super%20Nintendo%20Entertainment%20System.zip/1991_Super%20Nintendo%20Entertainment%20System%2FWinter%20Olympic%20Games%20-%20Lillehammer%20%2794.pdf,1400829,e02912e3010949c8b555eca281cc73fa,,,Winter Olympic Games - Lillehammer '94.pdf
"docs/SNES/Manuals/Wizard of Oz, The.pdf",https://archive.org/download/mister-manuals/1991_Super%20Nintendo%20Entertainment%20System.zip/1991_Super%20Nintendo%20Entertainment%20System%2FWizard%20of%20Oz%2C%20The.pdf,1413400,e8e8e09a4298c0788446e7c047b442a2,,,"Wizard of Oz, The.pdf"
docs/SNES/Manuals/Wizardry V - Heart of the Maelstrom.pdf,https://archive.org/download/mister-manuals/1991_Super%20Nintendo%20Entertainment%20System.zip/1991_Super%20Nintendo%20Entertainment%20System%2FWizardry%20V%20-%20Heart%20of%20the%20Maelstrom.pdf,3447114,ddfcc4da83db1e12627caac8c3fc246c,,,Wizardry V - Heart of the Maelstrom.pdf
docs/SNES/Manuals/Wolfchild.pdf,https://archive.org/download/mister-manuals/1991_Super%20Nintendo%20Entertainment%20System.zip/1991_Super%20Nintendo%20Entertainment%20System%2FWolfchild.pdf,1130831,90bb842a32529f4f95447787e7a9b8a0,,,Wolfchild.pdf
docs/SNES/Manuals/Wolfenstein 3D.pdf,https://archive.org/download/mister-manuals/1991_Super%20Nintendo%20Entertainment%20System.zip/1991_Super%20Nintendo%20Entertainment%20System%2FWolfenstein%203D.pdf,1340004,3603373ba683bdca12166f15fa4bc40a,,,Wolfenstein 3D.pdf
docs/SNES/Manuals/Wolverine - Adamantium Rage.pdf,https://archive.org/download/mister-manuals/1991_Super%20Nintendo%20Entertainment%20System.zip/1991_Super%20Nintendo%20Entertainment%20System%2FWolverine%20-%20Adamantium%20Rage.pdf,2122079,d7e7fc9392a7452f4a5d2224d23e261b,,,Wolverine - Adamantium Rage.pdf
docs/SNES/Manuals/Wordtris.pdf,https://archive.org/download/mister-manuals/1991_Super%20Nintendo%20Entertainment%20System.zip/1991_Super%20Nintendo%20Entertainment%20System%2FWordtris.pdf,2406427,f316536e15e8a787180b44b3cf47a0f7,,,Wordtris.pdf
docs/SNES/Manuals/World Class Rugby.pdf,https://archive.org/download/mister-manuals/1991_Super%20Nintendo%20Entertainment%20System.zip/1991_Super%20Nintendo%20Entertainment%20System%2FWorld%20Class%20Rugby.pdf,1946598,ee00b9c72dc58a62f9dab9337c3d676f,,,World Class Rugby.pdf
docs/SNES/Manuals/World Cup USA '94.pdf,https://archive.org/download/mister-manuals/1991_Super%20Nintendo%20Entertainment%20System.zip/1991_Super%20Nintendo%20Entertainment%20System%2FWorld%20Cup%20USA%20%2794.pdf,2015977,7a6ed2c7acc16dbcb9d19f0352245b38,,,World Cup USA '94.pdf
docs/SNES/Manuals/World Heroes .pdf,https://archive.org/download/mister-manuals/1991_Super%20Nintendo%20Entertainment%20System.zip/1991_Super%20Nintendo%20Entertainment%20System%2FWorld%20Heroes%20.pdf,1669438,d7fd57f4bbf8e0bc04dd4eb40e7eb38c,,,World Heroes .pdf
docs/SNES/Manuals/World Heroes 2.pdf,https://archive.org/download/mister-manuals/1991_Super%20Nintendo%20Entertainment%20System.zip/1991_Super%20Nintendo%20Entertainment%20System%2FWorld%20Heroes%202.pdf,3331437,aa0e3101ce0f52393eff8c5935a4150b,,,World Heroes 2.pdf
docs/SNES/Manuals/World League Soccer.pdf,https://archive.org/download/mister-manuals/1991_Super%20Nintendo%20Entertainment%20System.zip/1991_Super%20Nintendo%20Entertainment%20System%2FWorld%20League%20Soccer.pdf,1477097,3bf6e87cc0239e5fe916581f7d901865,,,World League Soccer.pdf
docs/SNES/Manuals/World Masters Golf.pdf,https://archive.org/download/mister-manuals/1991_Super%20Nintendo%20Entertainment%20System.zip/1991_Super%20Nintendo%20Entertainment%20System%2FWorld%20Masters%20Golf.pdf,1719029,aeed510d4723c6955845c420a3cca1bb,,,World Masters Golf.pdf
docs/SNES/Manuals/World Soccer '94 - Road to Glory.pdf,https://archive.org/download/mister-manuals/1991_Super%20Nintendo%20Entertainment%20System.zip/1991_Super%20Nintendo%20Entertainment%20System%2FWorld%20Soccer%20%2794%20-%20Road%20to%20Glory.pdf,1757376,fa9f0550aae9f1e57a11b17d89539abe,,,World Soccer '94 - Road to Glory.pdf
docs/SNES/Manuals/Worms.pdf,https://archive.org/download/mister-manuals/1991_Super%20Nintendo%20Entertainment%20System.zip/1991_Super%20Nintendo%20Entertainment%20System%2FWorms.pdf,2170913,073e11b4fbba28a028df583db9dbc379,,,Worms.pdf
docs/SNES/Manuals/X-Kaliber 2097.pdf,https://archive.org/download/mister-manuals/1991_Super%20Nintendo%20Entertainment%20System.zip/1991_Super%20Nintendo%20Entertainment%20System%2FX-Kaliber%202097.pdf,1234429,250cdd6ecca2af0c68d1f6389c59cd60,,,X-Kaliber 2097.pdf
docs/SNES/Manuals/X-Men - Mutant Apocalypse.pdf,https://archive.org/download/mister-manuals/1991_Super%20Nintendo%20Entertainment%20System.zip/1991_Super%20Nintendo%20Entertainment%20System%2FX-Men%20-%20Mutant%20Apocalypse.pdf,1124411,774ed5531d5ea68425b6324545bfe803,,,X-Men - Mutant Apocalypse.pdf
docs/SNES/Manuals/X-Zone.pdf,https://archive.org/download/mister-manuals/1991_Super%20Nintendo%20Entertainment%20System.zip/1991_Super%20Nintendo%20Entertainment%20System%2FX-Zone.pdf,1528889,e814fd816c9b4cbf746e3ed12b92f362,,,X-Zone.pdf
docs/SNES/Manuals/Xardion.pdf,https://archive.org/download/mister-manuals/1991_Super%20Nintendo%20Entertainment%20System.zip/1991_Super%20Nintendo%20Entertainment%20System%2FXardion.pdf,907770,44aee4627dc15fdd988987fa28381399,,,Xardion.pdf
docs/SNES/Manuals/Yoshi's Cookie.pdf,https://archive.org/download/mister-manuals/1991_Super%20Nintendo%20Entertainment%20System.zip/1991_Super%20Nintendo%20Entertainment%20System%2FYoshi%27s%20Cookie.pdf,1521479,7b04837bd21a60714b0508c9285dc116,,,Yoshi's Cookie.pdf
docs/SNES/Manuals/Yoshi's Safari.pdf,https://archive.org/download/mister-manuals/1991_Super%20Nintendo%20Entertainment%20System.zip/1991_Super%20Nintendo%20Entertainment%20System%2FYoshi%27s%20Safari.pdf,1612020,b8b138323172463d153c2c0eb5645751,,,Yoshi's Safari.pdf
docs/SNES/Manuals/Young Merlin.pdf,https://archive.org/download/mister-manuals/1991_Super%20Nintendo%20Entertainment%20System.zip/1991_Super%20Nintendo%20Entertainment%20System%2FYoung%20Merlin.pdf,2156112,ce9dd8d4c4e9262c4f1c6b3315d2788c,,,Young Merlin.pdf
docs/SNES/Manuals/Ys III - Wanderers from Ys.pdf,https://archive.org/download/mister-manuals/1991_Super%20Nintendo%20Entertainment%20System.zip/1991_Super%20Nintendo%20Entertainment%20System%2FYs%20III%20-%20Wanderers%20from%20Ys.pdf,1634362,03bec9cf89b6e5da97aefd9396dd8ff2,,,Ys III - Wanderers from Ys.pdf
docs/SNES/Manuals/Zero the Kamikaze Squirrel.pdf,https://archive.org/download/mister-manuals/1991_Super%20Nintendo%20Entertainment%20System.zip/1991_Super%20Nintendo%20Entertainment%20System%2FZero%20the%20Kamikaze%20Squirrel.pdf,1248538,21be3d9ad57e4af000689b5d980efe64,,,Zero the Kamikaze Squirrel.pdf
docs/SNES/Manuals/Zombies Ate My Neighbors.pdf,https://archive.org/download/mister-manuals/1991_Super%20Nintendo%20Entertainment%20System.zip/1991_Super%20Nintendo%20Entertainment%20System%2FZombies%20Ate%20My%20Neighbors.pdf,1318641,bf8dc0b69cad6d434ff6fa1757e876e8,,,Zombies Ate My Neighbors.pdf
docs/SNES/Manuals/Zool - Ninja of the 'Nth' Dimension.pdf,https://archive.org/download/mister-manuals/1991_Super%20Nintendo%20Entertainment%20System.zip/1991_Super%20Nintendo%20Entertainment%20System%2FZool%20-%20Ninja%20of%20the%20%27Nth%27%20Dimension.pdf,1304239,9d7ac18c221d5fe49a2369a82b1d1f04,,,Zool - Ninja of the 'Nth' Dimension.pdf
docs/SNES/Manuals/Zoop.pdf,https://archive.org/download/mister-manuals/1991_Super%20Nintendo%20Entertainment%20System.zip/1991_Super%20Nintendo%20Entertainment%20System%2FZoop.pdf,702810,924fed4c76db472c44df17e1e4ca3f4b,,,Zoop.pdf
